Name,Pos,TM,Age,G,PA,AB,R,H,2B,3B,HR,RBI,SB,CS,BB,SO,BA,OBP,SLG,OPS,Height,Weight,BMI,Salary
A.J. Pollock,CF,LAD,31,86,342,308,49,82,15,1,15,47,5,1,23,74,0.266,0.327,0.468,0.795,73,212,28,4000000.00
Aaron Altherr,OF,NYM,28,49,66,61,8,5,2,0,1,3,0,0,3,25,0.082,0.136,0.164,0.3,77,215,25.5,1350000.00
Aaron Hicks,CF,NYY,29,59,255,221,41,52,10,0,12,36,1,2,31,72,0.235,0.325,0.443,0.769,73,202,26.6,
Aaron Judge,RF,NYY,27,102,447,378,75,103,18,1,27,55,3,2,64,141,0.272,0.381,0.54,0.921,79,282,31.8,684300.00
Abiatal Avelino,UT,SFG,24,4,8,7,0,2,0,0,0,1,0,0,1,3,0.286,0.375,0.286,0.661,71,195,27.2,
Abraham Almonte,OF,ARI,30,17,38,31,11,9,3,1,1,4,0,0,7,8,0.29,0.421,0.548,0.969,69,210,31,
Abraham Toro,3B,HOU,22,25,89,78,13,17,3,2,2,9,1,1,9,19,0.218,0.303,0.385,0.688,73,190,25.1,555000.00
Adalberto Mondesi,SS,KCR,23,102,443,415,58,109,20,10,9,62,43,7,19,132,0.263,0.291,0.424,0.715,73,190,25.1,576000.00
Adam Duvall,LF,ATL,30,41,130,120,17,32,4,1,10,19,0,0,7,39,0.267,0.315,0.567,0.882,73,215,28.4,
Adam Eaton,RF,WAS,30,151,656,566,103,158,25,7,15,49,15,3,65,106,0.279,0.365,0.428,0.792,69,176,26,8400000.00
Adam Engel,CF,CHW,27,89,248,227,26,55,10,2,6,26,3,3,14,78,0.242,0.304,0.383,0.687,74,210,27,571000.00
Adam Frazier,2B,PIT,27,152,608,554,80,154,33,7,10,50,5,5,40,75,0.278,0.336,0.417,0.753,70,180,25.8,584000.00
Adam Haseley,OF,PHI,23,67,242,222,30,59,14,0,5,26,4,0,14,60,0.266,0.324,0.396,0.72,73,195,25.7,555000.00
Adam Jones,RF,ARI,33,137,528,485,66,126,25,1,16,67,2,1,31,101,0.26,0.313,0.414,0.728,74,215,27.6,3000000.00
Addison Russell,2B,CHC,25,82,241,215,25,51,4,1,9,23,2,0,20,58,0.237,0.308,0.391,0.699,72,200,27.1,3400000.00
Adeiny Hechavarria,SS,ATL,30,84,221,203,34,49,12,1,9,33,3,1,14,48,0.241,0.299,0.443,0.742,72,195,26.4,
Adrian Sanchez,UT,WAS,28,28,32,31,3,7,0,0,0,1,0,0,1,10,0.226,0.25,0.226,0.476,72,216,29.3,
AJ Reed,DH,CHW,26,14,49,44,1,6,0,0,1,4,0,0,4,21,0.136,0.204,0.205,0.409,76,275,33.5,
Albert Almora,CF,CHC,25,130,363,339,41,80,11,1,12,32,2,1,16,62,0.236,0.271,0.381,0.651,74,190,24.4,615500.00
Albert Pujols,1B,LAA,39,131,545,491,55,120,22,0,23,93,3,0,43,68,0.244,0.305,0.43,0.734,75,235,29.4,28000000.00
Aledmys Diaz,IF,HOU,28,69,247,210,36,57,12,1,9,40,2,0,26,28,0.271,0.356,0.467,0.823,73,195,25.7,2000000.00
Alen Hanson,UT,TOR,26,18,48,43,5,7,0,0,0,4,1,0,3,17,0.163,0.229,0.163,0.392,72,170,23.1,570000.00
Alex Avila,C,ARI,32,63,201,164,22,34,8,0,9,24,1,0,36,68,0.207,0.353,0.421,0.774,71,210,29.3,4250000.00
Alex Blandino,IF,CIN,26,23,50,36,6,9,1,0,1,3,0,0,10,14,0.25,0.42,0.361,0.781,72,190,25.8,
Alex Bregman,3B,HOU,25,156,690,554,122,164,37,2,41,112,5,1,119,83,0.296,0.423,0.592,1.015,72,180,24.4,640000.00
Alex Dickerson,LF,SFG,29,68,190,174,29,48,13,3,6,28,1,1,13,42,0.276,0.332,0.489,0.82,75,235,29.4,565000.00
Alex Gordon,LF,KCR,35,150,633,556,77,148,31,1,13,76,5,3,51,100,0.266,0.345,0.396,0.741,73,225,29.7,20000000.00
Alex Jackson,C,ATL,23,4,15,13,0,0,0,0,0,0,0,0,1,5,0,0.133,0,0.133,74,215,27.6,
Alex Verdugo,OF,LAD,23,106,377,343,43,101,22,2,12,44,4,1,26,49,0.294,0.342,0.475,0.817,72,212,28.7,560000.00
Amed Rosario,SS,NYM,23,157,655,616,75,177,30,7,15,72,19,10,31,124,0.287,0.323,0.432,0.755,74,189,24.3,575500.00
Andrelton Simmons,SS,LAA,29,103,424,398,47,105,19,0,7,40,10,2,24,37,0.264,0.309,0.364,0.673,74,195,25,13000000.00
Andrew Benintendi,LF,BOS,24,138,615,541,72,144,40,5,13,68,10,3,59,140,0.266,0.343,0.431,0.774,70,170,24.4,717500.00
Andrew Knapp,C,PHI,27,74,160,136,12,29,9,0,2,8,0,0,18,51,0.213,0.318,0.324,0.642,73,195,25.7,565000.00
Andrew Knizner,C,STL,24,18,58,53,7,12,2,0,2,7,2,0,4,14,0.226,0.293,0.377,0.67,73,200,26.4,555000.00
Andrew McCutchen,LF,PHI,32,59,262,219,45,56,12,1,10,29,2,1,43,55,0.256,0.378,0.457,0.834,71,195,27.2,10000000.00
Andrew Stevenson,LF,WAS,25,30,37,30,4,11,1,1,0,0,0,1,6,11,0.367,0.486,0.467,0.953,72,192,26,
Andrew Velazquez,UT,CLE,24,15,24,23,3,2,3,0,0,0,1,13,1,0,0.087,0.125,0.174,0.299,70,170,24.4,560000.00
Anthony Alford,OF,TOR,24,16,30,28,3,5,0,0,1,1,2,0,1,11,0.179,0.233,0.286,0.519,73,215,28.4,565000.00
Anthony Bemboom,C,LAA,29,25,56,54,2,7,1,0,1,4,1,21,0,0,0.13,0.145,0.204,0.349,74,200,25.7,555000.00
Anthony Rendon,3B,WAS,29,146,646,545,117,174,44,3,34,126,5,1,80,86,0.319,0.412,0.598,1.01,73,200,26.4,18800000.00
Anthony Rizzo,1B,CHC,29,146,613,512,89,150,29,3,27,94,5,2,71,86,0.293,0.405,0.52,0.924,75,240,30,12285715.00
Anthony Santander,OF,BAL,24,93,405,380,46,99,20,1,20,59,1,2,19,86,0.261,0.297,0.476,0.773,74,190,24.4,560000.00
Aramis Garcia,UT,SFG,26,18,46,42,5,6,1,0,2,5,0,0,4,21,0.143,0.217,0.31,0.527,74,220,28.2,
Aristides Aquino,RF,CIN,25,56,225,205,31,53,8,0,19,47,7,0,16,60,0.259,0.316,0.576,0.891,76,220,26.8,
Asdrubal Cabrera,3B,WAS,33,131,514,447,69,116,25,1,18,91,57,103,4,0,0.26,0.342,0.441,0.783,72,205,27.8,3500000.00
Austin Allen,C,SDP,25,34,71,65,4,14,4,0,0,3,0,0,6,21,0.215,0.282,0.277,0.559,74,220,28.2,555000.00
Austin Barnes,C,LAD,29,75,242,212,28,43,12,1,5,25,3,0,23,56,0.203,0.293,0.34,0.633,70,187,26.8,575000.00
Austin Dean,LF,MIA,25,64,189,178,17,40,14,0,6,21,0,2,9,47,0.225,0.261,0.404,0.665,73,190,25.1,
Austin Hays,CF,BAL,23,21,75,68,12,21,6,0,4,13,2,0,7,13,0.309,0.373,0.574,0.947,73,195,25.7,
Austin Hedges,C,SDP,26,102,347,312,28,55,9,0,11,36,1,0,27,109,0.176,0.252,0.311,0.563,73,206,27.2,2060000.00
Austin Meadows,DH,TBR,24,138,591,530,83,154,29,7,33,89,12,7,54,131,0.291,0.364,0.558,0.922,75,220,27.5,557400.00
Austin Nola,1B,SEA,29,79,267,238,37,64,12,1,10,31,1,0,23,63,0.269,0.342,0.454,0.796,72,195,26.4,555000.00
Austin Riley,LF,ATL,22,80,297,274,41,62,11,1,18,49,0,2,16,108,0.226,0.279,0.471,0.75,75,220,27.5,
Austin Romine,C,NYY,30,72,240,228,29,64,12,0,8,35,1,1,10,50,0.281,0.31,0.439,0.748,73,220,29,1800000.00
Austin Slater,RF,SFG,26,68,192,168,20,40,9,3,5,21,1,0,22,59,0.238,0.333,0.417,0.75,74,197,25.3,567000.00
Austin Wynns,C,BAL,28,28,74,70,8,15,1,0,1,5,0,0,3,14,0.214,0.247,0.271,0.518,74,205,26.3,558000.00
Avisail Garcia,RF,TBR,28,125,530,489,61,138,25,2,20,72,10,4,31,125,0.282,0.332,0.464,0.796,76,250,30.4,3500000.00
Beau Taylor,C,OAK,29,11,30,25,3,4,0,0,2,2,4,7,0,0,0.16,0.3,0.4,0.7,72,205,27.8,560000.00
Ben Gamel,OF,MIL,27,134,356,311,47,77,18,0,7,33,2,2,40,104,0.248,0.337,0.373,0.71,71,185,25.8,567700.00
Ben Zobrist,2B,CHC,38,47,176,150,24,39,5,0,1,17,0,0,23,24,0.26,0.358,0.313,0.671,75,210,26.2,12500000.00
Billy Hamilton,CF,ATL,28,119,353,316,41,69,14,2,0,15,32,87,22,6,0.218,0.289,0.275,0.564,72,160,21.7,4250000.00
Billy McKinney,OF,TOR,24,84,276,251,37,54,14,1,12,28,0,2,19,73,0.215,0.274,0.422,0.696,73,205,27,559400.00
Blake Swihart,OF,ARI,27,43,99,92,13,15,1,0,4,13,0,0,6,36,0.163,0.222,0.328,0.629,73,200,26.4,910000.00
Bo Bichette,SS,TOR,21,46,212,196,32,61,18,0,11,21,4,4,14,50,0.311,0.358,0.571,0.93,72,185,25.1,555000.00
Bobby Bradley,DH,CLE,23,15,49,45,4,8,5,0,1,4,0,0,4,20,0.178,0.245,0.356,0.6,73,225,29.7,555000.00
Bobby Wilson,C,DET,36,15,47,44,2,4,1,0,0,2,0,0,2,11,0.091,0.13,0.114,0.244,72,230,31.2,
Brad Miller,2B,PHI,29,79,170,54,21,57,6,1,13,25,2,0,15,45,0.26,0.329,0.565,0.894,74,215,27.6,1000000.00
Braden Bishop,CF,SEA,25,27,60,56,3,6,0,0,0,4,0,0,3,21,0.107,0.153,0.107,0.26,73,190,25.1,555000.00
Bradley Zimmer,OF,CLE,26,9,14,13,1,0,0,0,0,0,0,0,1,7,0,0.071,0,0.071,77,220,26.1,
Brandon Belt,1B,SFG,31,156,616,526,76,123,32,3,17,57,4,3,83,127,0.234,0.339,0.403,0.742,76,235,28.6,17200000.00
Brandon Crawford,SS,SFG,32,147,560,500,58,114,24,2,11,59,3,2,53,117,0.228,0.304,0.35,0.654,74,227,29.1,15200000.00
Brandon Dixon,1B,DET,27,117,420,391,41,97,20,4,15,52,5,1,21,136,0.248,0.29,0.435,0.725,74,215,27.6,
Brandon Drury,UT,TOR,26,120,447,418,43,91,21,1,15,41,0,1,25,113,0.218,0.262,0.38,0.642,74,215,27.6,1300000.00
Brandon Lowe,2B,TBR,24,82,327,296,42,80,17,2,17,51,5,0,25,113,0.27,0.336,0.514,0.85,70,185,26.5,1000000.00
Brandon Nimmo,OF,NYM,26,69,254,199,34,44,11,1,8,29,3,0,46,71,0.221,0.375,0.407,0.783,75,207,25.9,598285.00
Brendan Rodgers,MI,COL,22,25,81,76,8,17,2,0,0,7,0,0,4,27,0.224,0.272,0.25,0.522,72,180,24.4,555000.00
Brett Gardner,CF,NYY,35,141,550,491,86,123,26,7,28,74,10,2,52,108,0.251,0.325,0.503,0.829,71,195,27.2,7500000.00
Brett Phillips,CF,KCR,25,30,79,65,7,9,2,0,2,6,3,0,10,23,0.138,0.247,0.262,0.508,72,185,25.1,
Breyvic Valera,2B,TOR,27,17,52,47,7,11,2,1,1,6,0,0,4,20,0.234,0.308,0.383,0.691,71,160,22.3,567000.00
Brian Anderson,3B,MIA,26,126,520,459,57,120,33,1,20,66,5,1,44,114,0.261,0.342,0.468,0.811,75,185,23.1,585000.00
Brian Dozier,2B,WAS,32,135,482,416,54,99,20,0,20,50,3,4,61,105,0.238,0.34,0.43,0.771,71,200,27.9,9000000.00
Brian Goodwin,LF,LAA,28,136,458,413,65,108,29,3,17,47,7,3,38,129,0.262,0.326,0.47,0.796,72,200,27.1,583000.00
Brian McCann,C,ATL,35,85,316,277,28,69,9,0,12,45,0,0,31,53,0.249,0.323,0.412,0.734,75,225,28.1,
Brian O'Grady,UT,CIN,27,28,48,42,4,8,2,1,2,3,0,0,4,17,0.19,0.292,0.429,0.72,74,215,27.6,555000.00
Brock Holt,2B,BOS,31,87,295,259,38,77,14,2,3,31,1,0,28,57,0.297,0.369,0.402,0.771,70,180,25.8,3575000.00
Bryan Holaday,C,MIA,31,43,129,115,12,32,6,0,4,12,0,1,11,21,0.278,0.344,0.435,0.779,72,214,29,
Bryan Reynolds,LF,PIT,24,134,546,491,83,154,37,4,16,68,3,2,46,121,0.314,0.377,0.503,0.88,75,205,25.6,555000.00
Bryce Harper,RF,PHI,26,157,682,573,98,149,36,1,35,114,15,3,99,178,0.26,0.372,0.51,0.882,75,220,27.5,11538462.00
Bubba Starling,RF,KCR,26,56,197,186,26,40,7,0,4,12,2,0,9,56,0.215,0.255,0.317,0.572,76,215,26.2,555000.00
Buster Posey,C,SFG,32,114,445,405,43,104,24,0,7,38,0,0,34,71,0.257,0.32,0.368,0.688,73,210,27.7,22177778.00
Byron Buxton,CF,MIN,25,87,295,271,48,71,30,4,10,46,14,3,19,68,0.262,0.314,0.513,0.827,74,190,24.4,1750000.00
C.J. Cron,1B,MIN,29,125,499,458,51,116,24,0,25,78,0,0,29,107,0.253,0.311,0.469,0.78,76,235,28.6,4800000.00
Caleb Joseph,C,ARI,33,20,41,38,5,8,2,0,0,3,0,0,1,10,0.211,0.25,0.263,0.513,75,180,22.5,
Cam Gallagher,C,KCR,26,45,142,126,14,30,7,0,3,12,0,1,11,28,0.238,0.312,0.365,0.677,75,230,28.7,557125.00
Cameron Maybin,OF,NYY,32,82,269,239,48,68,17,0,11,32,9,6,30,72,0.285,0.364,0.494,0.858,75,215,26.9,
Carlos Correa,SS,HOU,24,75,321,280,42,78,16,1,21,59,1,0,35,75,0.279,0.358,0.568,0.926,76,215,26.2,5000000.00
Carlos Gomez,OF,NYM,33,34,99,86,10,17,3,0,3,10,4,1,7,30,0.198,0.278,0.337,0.616,75,220,27.5,
Carlos Gonzalez,RF,CHC,33,45,166,145,21,29,3,0,3,10,0,3,18,52,0.2,0.289,0.283,0.572,73,220,29,2000000.00
Carlos Santana,1B,CLE,33,158,686,573,110,161,30,1,34,93,4,0,108,108,0.281,0.397,0.515,0.911,71,210,29.3,20333333.00
Carson Kelly,C,ARI,24,111,365,314,46,77,19,0,18,47,0,0,48,79,0.245,0.348,0.478,0.826,74,220,28.2,560000.00
Carter Kieboom,SS,WAS,21,11,43,39,4,5,0,0,2,2,0,0,4,16,0.128,0.209,0.282,0.491,74,190,24.4,
Cavan Biggio,2B,TOR,24,100,430,354,66,83,17,2,16,48,14,0,71,123,0.234,0.364,0.429,0.793,74,200,25.7,555000.00
Cedric Mullins,CF,BAL,24,22,74,64,7,6,0,2,0,4,1,0,4,14,0.094,0.181,0.156,0.337,68,175,26.6,557500.00
Cesar Hernandez,2B,PHI,29,161,667,612,77,171,31,3,14,71,9,2,45,100,0.279,0.333,0.408,0.741,70,160,23,7750000.00
Cesar Puello,LF,MIA,28,44,147,125,14,31,5,0,4,18,0,0,14,38,0.248,0.356,0.384,0.74,74,220,28.2,561000.00
Chad Pinder,OF,OAK,27,124,370,341,45,82,21,0,13,47,0,1,20,88,0.24,0.29,0.416,0.706,74,207,26.6,565000.00
Chad Wallach,C,MIA,27,19,54,48,4,12,3,0,1,3,0,0,6,12,0.25,0.333,0.375,0.708,75,230,28.7,555000.00
Chance Sisco,C,BAL,24,59,198,167,29,35,7,0,8,20,0,1,22,61,0.21,0.333,0.395,0.729,74,195,25,
Charlie Blackmon,RF,COL,32,140,634,580,112,182,42,7,32,86,2,5,40,104,0.314,0.364,0.576,0.94,75,220,27.5,21500000.00
Charlie Culberson,UT,ATL,30,108,144,135,14,35,5,2,5,20,0,1,6,44,0.259,0.294,0.437,0.731,73,215,28.4,
Charlie Tilson,RF,CHW,26,54,157,144,16,33,5,0,1,12,4,0,10,38,0.229,0.293,0.285,0.578,72,185,25.1,
Cheslor Cuthbert,CI,KCR,26,87,330,309,24,76,14,0,9,40,1,0,19,67,0.246,0.294,0.379,0.673,73,210,27.7,
Chris Davis,1B,BAL,33,105,352,307,26,55,9,0,12,36,0,0,39,139,0.179,0.276,0.326,0.601,75,230,28.7,23000000.00
Chris Herrmann,C,OAK,31,30,94,84,9,17,3,0,1,8,0,0,9,29,0.202,0.28,0.274,0.553,72,200,27.1,1000000.00
Chris Iannetta,C,COL,36,52,164,144,20,32,10,0,6,21,0,0,18,54,0.222,0.311,0.417,0.728,72,230,31.2,4150000.00
Chris Owings,2B,BOS,27,66,196,180,13,25,6,1,3,14,5,2,14,78,0.139,0.209,0.233,0.443,70,185,26.5,3000000.00
Chris Shaw,1B,SFG,25,16,20,18,0,1,0,0,0,0,0,0,2,8,0.056,0.15,0.056,0.206,75,226,28.2,560000.00
Chris Taylor,UT,LAD,28,124,414,366,52,96,29,4,12,52,8,0,37,115,0.262,0.333,0.462,0.794,73,196,25.9,3500000.00
Christian Arroyo,3B,TBR,24,16,57,50,8,11,2,0,2,7,0,0,5,18,0.22,0.304,0.38,0.684,73,220,29,
Christian Colon,2B,CIN,30,8,8,6,1,3,0,0,0,1,0,0,0,0,0.5,0.625,0.5,1.125,70,195,28,
Christian Vazquez,C,BOS,28,138,521,482,66,133,26,1,23,72,4,2,33,101,0.276,0.32,0.477,0.798,69,195,28.8,2850000.00
Christian Walker,1B,ARI,28,152,603,529,86,137,26,1,29,73,8,1,67,155,0.259,0.348,0.476,0.825,72,220,29.8,559800.00
Christian Yelich,RF,MIL,27,130,580,489,100,161,29,3,44,97,30,2,80,118,0.329,0.429,0.671,1.1,75,195,24.4,9750000.00
Christin Stewart,LF,DET,25,104,416,369,32,86,25,1,10,40,0,1,34,103,0.233,0.305,0.388,0.693,72,205,27.8,
Clint Frazier,RF,NYY,24,69,246,225,31,60,14,0,12,38,1,2,16,70,0.267,0.317,0.489,0.806,73,190,25.1,563300.00
Cody Bellinger,RF,LAD,23,156,661,558,121,170,34,3,47,115,15,5,95,108,0.305,0.406,0.629,1.035,76,203,24.7,605000.00
Cole Tucker,SS,PIT,22,56,159,147,16,31,10,3,2,13,0,0,10,40,0.211,0.266,0.361,0.626,75,205,25.6,555000.00
Colin Moran,3B,PIT,26,149,503,466,46,129,30,1,13,80,0,1,30,117,0.277,0.322,0.429,0.751,76,205,25,579500.00
Connor Joe,LF,SFG,26,8,16,15,1,1,0,0,0,0,0,0,1,5,0.067,0.125,0.067,0.192,72,205,27.8,555000.00
Corban Joseph,2B,PIT,30,28,68,64,5,10,3,0,1,7,0,0,3,12,0.256,0.292,0.25,0.441,72,185,25.1,564000.00
Corey Dickerson,LF,PHI,30,78,279,260,33,79,28,2,12,59,1,0,16,56,0.304,0.341,0.565,0.906,73,210,27.7,8500000.00
Corey Seager,SS,LAD,25,134,541,489,82,133,44,1,19,87,1,0,44,98,0.272,0.335,0.483,0.817,76,215,26.2,4000000.00
Cory Spangenberg,2B,MIL,28,32,102,95,11,22,2,2,2,10,3,0,6,36,0.232,0.277,0.358,0.635,72,195,26.4,
Cristhian Adames,IF,SFG,27,10,24,22,1,7,1,0,0,2,0,0,2,8,0.318,0.375,0.364,0.739,72,185,25.1,
Curt Casali,C,CIN,30,84,236,207,24,52,9,0,8,32,0,0,25,59,0.251,0.331,0.411,0.741,75,225,28.1,950000.00
Curtis Granderson,LF,MIA,38,138,363,317,44,58,17,1,12,34,0,3,41,98,0.183,0.281,0.356,0.637,73,200,26.4,1750000.00
Daniel Descalso,2B,CHC,32,82,194,168,20,29,5,1,2,15,2,1,23,57,0.173,0.271,0.25,0.521,70,190,27.3,1500000.00
Daniel Murphy,1B,COL,34,132,478,438,56,122,35,1,13,78,1,1,32,74,0.279,0.328,0.452,0.78,73,221,29.2,10000.00
Daniel Palka,RF,CHW,27,30,93,84,4,9,0,0,2,4,0,1,8,35,0.107,0.194,0.179,0.372,74,220,28.2,567000.00
Daniel Robertson,IF,TBR,25,74,237,207,23,44,9,1,2,19,2,2,24,59,0.213,0.312,0.295,0.607,71,200,27.9,570300.00
Daniel Vogelbach,DH,SEA,26,144,558,462,73,96,17,0,30,76,0,0,92,149,0.208,0.341,0.439,0.78,72,250,33.9,558600.00
Danny Jansen,C,TOR,24,107,384,347,41,72,12,1,13,43,0,1,31,79,0.207,0.279,0.36,0.64,74,230,29.5,558700.00
Danny Mendick,IF,CHW,25,16,40,39,6,12,0,0,2,4,0,0,1,11,0.308,0.325,0.462,0.787,70,189,27.1,555000.00
Danny Santana,UT,TEX,28,130,511,474,81,134,23,6,28,81,21,6,25,151,0.283,0.324,0.534,0.857,71,185,25.8,
Dansby Swanson,SS,ATL,25,127,545,483,77,121,26,3,17,65,10,5,51,124,0.251,0.325,0.422,0.748,73,190,25.1,
David Bote,IF,CHC,26,127,356,303,47,78,17,0,11,41,5,1,44,93,0.257,0.362,0.422,0.785,73,210,27.7,561500.00
David Dahl,OF,COL,25,100,413,374,67,113,28,5,15,61,4,4,28,110,0.302,0.353,0.524,0.877,74,200,25.7,560000.00
David Fletcher,3B,LAA,25,154,653,596,83,173,30,4,6,49,8,3,55,64,0.29,0.35,0.384,0.734,70,185,26.5,561500.00
David Freese,1B,LAD,36,79,186,162,35,51,13,0,11,29,0,0,23,44,0.315,0.403,0.599,1.002,74,213,27.3,4500000.00
David Freitas,C,MIL,30,17,20,15,2,1,0,0,0,1,0,0,4,5,0.067,0.25,0.067,0.317,75,225,28.1,558000.00
David Peralta,LF,ARI,31,99,423,382,48,105,29,3,12,57,0,0,35,87,0.275,0.343,0.461,0.804,73,210,27.7,7000000.00
Dawel Lugo,3B,DET,24,77,288,273,28,67,11,4,6,26,0,0,8,59,0.245,0.271,0.381,0.652,72,220,29.8,
Dee Gordon,2B,SEA,31,117,421,393,36,108,12,6,3,34,22,5,18,61,0.275,0.304,0.359,0.663,71,170,23.7,13300000.00
Deivy Grullon,C,PHI,23,4,9,9,0,1,1,0,0,1,0,0,0,2,0.111,0.111,0.222,0.333,73,180,23.7,555000.00
Delino DeShields,CF,TEX,26,118,408,357,42,89,15,4,4,32,24,6,38,100,0.249,0.325,0.347,0.672,69,200,29.5,1400000.00
Derek Dietrich,2B,CIN,29,113,306,251,41,47,8,2,19,43,1,1,28,74,0.187,0.328,0.462,0.79,72,205,27.8,2000000.00
Derek Fisher,RF,TOR,25,57,167,146,23,27,4,1,7,17,5,1,21,57,0.185,0.287,0.37,0.657,75,205,25.6,568000.00
Deven Marrero,IF,MIA,28,5,5,5,0,0,0,0,0,0,0,0,0,3,0,0,0,0,73,190,25.1,
Dexter Fowler,RF,STL,33,150,574,487,69,116,24,1,19,67,8,5,74,142,0.238,0.346,0.409,0.754,77,195,23.1,16500000.00
Didi Gregorius,SS,NYY,29,82,344,324,47,77,14,2,16,61,2,1,17,53,0.238,0.276,0.441,0.718,75,205,25.6,11750000.00
DJ LeMahieu,2B,NYY,30,145,655,602,109,197,33,2,26,102,5,2,46,90,0.327,0.375,0.518,0.893,76,215,26.2,12000000.00
DJ Stewart,RF,BAL,25,44,142,126,15,30,6,0,4,15,1,2,14,26,0.238,0.317,0.381,0.698,72,230,31.2,559000.00
Dom Nunez,C,COL,24,16,43,39,4,7,3,0,2,4,0,0,3,17,0.179,0.233,0.41,0.643,72,175,23.7,555000.00
Domingo Leyba,IF,ARI,23,21,30,25,6,7,2,1,0,5,0,0,4,9,0.28,0.367,0.44,0.807,71,160,22.3,555000.00
Domingo Santana,LF,SEA,26,121,507,451,63,114,20,1,21,69,8,3,50,164,0.253,0.329,0.441,0.77,77,220,26.1,1950000.00
Dominic Smith,LF,NYM,24,89,197,177,35,50,10,0,11,25,1,2,19,44,0.282,0.355,0.525,0.881,72,239,32.4,59320.00
Donnie Walton,MI,SEA,25,7,19,16,2,3,0,0,0,2,0,1,3,5,0.188,0.316,0.188,0.503,70,184,26.4,555000.00
Donovan Solano,MI,SFG,31,81,228,215,27,71,13,1,4,23,0,1,10,49,0.33,0.36,0.456,0.815,69,205,30.3,
Drew Butera,C,COL,35,16,49,43,6,7,3,0,0,3,0,0,4,14,0.163,0.229,0.233,0.462,73,205,27,
Drew Jackson,OF,BAL,25,3,4,3,0,0,0,0,0,0,0,0,1,1,0,0.25,0,0.25,74,200,25.7,
Drew Robinson,OF,STL,27,5,7,7,1,1,0,0,0,0,0,0,0,3,0.143,0.143,0.143,0.286,73,200,26.4,564100.00
Dustin Garneau,C,OAK,31,35,101,86,14,21,5,0,3,14,0,0,10,22,0.244,0.35,0.407,0.757,74,205,26.3,
Dustin Pedroia,2B,BOS,35,6,21,20,1,2,0,0,0,1,0,0,1,2,0.1,0.143,0.1,0.243,69,175,25.8,15000000.00
Dustin Peterson,OF,DET,24,17,47,44,3,10,4,0,0,6,1,0,2,14,0.227,0.277,0.318,0.595,74,210,27,555100.00
Dwight Smith Jr.,LF,BAL,26,101,392,357,46,86,16,3,13,53,5,1,26,82,0.241,0.297,0.412,0.708,72,200,27.1,560100.00
Dylan Cozens,OF,PHI,25,1,1,1,0,0,0,0,0,0,0,0,0,0,0,0,0,0,78,235,27.2,
Dylan Moore,UT,SEA,26,113,282,247,31,51,14,2,9,28,11,9,25,93,0.206,0.302,0.389,0.691,72,200,27.1,565000.00
Eddie Rosario,LF,MIN,27,137,590,562,91,155,28,1,32,109,3,1,22,86,0.276,0.3,0.5,0.8,73,180,23.7,4190000.00
Edmundo Sosa,2B,STL,23,8,10,8,2,2,0,0,0,0,1,0,1,2,0.25,0.4,0.25,0.65,71,170,23.7,
Eduardo Escobar,3B,ARI,30,158,699,636,94,171,29,10,35,118,5,1,50,130,0.269,0.32,0.511,0.831,70,185,26.5,6166666.00
Eduardo Nunez,2B,BOS,32,60,174,167,13,38,7,0,2,20,5,1,4,27,0.228,0.243,0.305,0.548,72,195,26.4,5000000.00
Edwin Encarnacion,DH,NYY,36,109,486,418,81,102,18,0,34,86,0,1,58,103,0.244,0.344,0.531,0.875,73,230,30.3,21667000.00
Edwin Rios,CI,LAD,25,28,56,47,10,13,2,1,4,8,0,0,9,21,0.277,0.393,0.617,1.01,75,220,27.5,555000.00
Ehire Adrianza,IF,MIN,29,83,236,202,34,55,8,3,5,22,0,2,20,40,0.272,0.349,0.416,0.765,73,195,25.7,1300000.00
Elias Diaz,C,PIT,28,101,332,303,31,73,14,0,2,28,0,0,23,56,0.241,0.296,0.307,0.603,73,220,29,578500.00
Eloy Jimenez,LF,CHW,22,122,504,468,69,125,18,2,31,79,0,0,30,134,0.267,0.315,0.513,0.828,76,205,25,1833333.00
Elvis Andrus,SS,TEX,30,147,648,600,81,165,27,4,12,72,31,8,34,96,0.275,0.313,0.393,0.707,72,200,27.1,15250000.00
Ender Inciarte,CF,ATL,28,65,230,199,30,49,11,2,5,24,7,1,26,41,0.246,0.343,0.397,0.74,71,190,26.5,
Enrique Hernandez,2B,LAD,27,130,460,414,57,98,19,1,17,64,4,0,36,97,0.237,0.304,0.411,0.715,71,192,26.8,3725000.00
Eric Haase,C,CLE,26,10,17,16,1,1,0,0,1,3,0,0,1,8,0.063,0.118,0.25,0.368,70,210,30.1,
Eric Hosmer,1B,SDP,29,160,667,619,72,164,29,2,22,99,0,3,40,163,0.265,0.31,0.425,0.735,76,225,27.4,21000000.00
Eric Sogard,2B,TBR,33,110,442,396,59,115,23,2,13,40,8,0,38,63,0.29,0.353,0.457,0.81,69,185,27.3,100000.00
Eric Stamets,SS,CLE,27,15,48,41,4,2,1,0,0,2,0,0,5,24,0.049,0.149,0.073,0.222,72,190,25.8,555000.00
Eric Thames,1B,MIL,32,149,459,396,67,98,23,2,25,61,3,2,51,140,0.247,0.346,0.505,0.851,72,210,28.5,6000000.00
Erick Mejia,UT,KCR,24,9,27,22,3,5,1,0,0,4,0,0,4,7,0.227,0.333,0.273,0.606,71,155,21.6,555000.00
Erik Gonzalez,SS,PIT,27,53,156,142,15,36,4,1,1,6,4,1,9,37,0.254,0.301,0.317,0.618,75,205,25.6,577000.00
Erik Kratz,C,TBR,39,21,53,49,1,5,2,0,1,3,0,0,2,14,0.102,0.17,0.204,0.374,76,250,30.4,1500000.00
Eugenio Suarez,3B,CIN,27,159,662,575,87,156,22,2,49,103,3,2,70,189,0.271,0.358,0.572,0.93,71,213,29.7,7285714.00
Evan Longoria,3B,SFG,33,129,508,453,59,115,19,2,20,69,3,1,43,112,0.254,0.325,0.437,0.762,73,215,28.4,14666667.00
Fernando Tatis Jr.,SS,SDP,20,84,372,334,61,106,13,6,22,53,16,6,30,110,0.317,0.379,0.59,0.969,75,185,23.1,555000.00
Franchy Cordero,OF,SDP,24,9,20,15,2,5,1,0,0,1,1,0,4,7,0.333,0.45,0.4,0.85,75,175,21.9,560100.00
Francisco Cervelli,C,ATL,33,48,160,141,15,30,8,1,3,12,1,0,13,41,0.213,0.302,0.348,0.649,73,210,27.7,11500000.00
Francisco Lindor,SS,CLE,25,143,654,598,101,170,40,2,32,74,22,5,46,98,0.284,0.335,0.518,0.854,71,190,26.5,10850000.00
Francisco Mejia,C,SDP,23,79,244,226,27,60,11,2,8,22,1,1,13,56,0.265,0.316,0.438,0.754,70,180,25.8,556300.00
Frank Schwindel,1B,KCR,27,6,15,15,0,1,0,0,0,0,0,0,0,2,0.067,0.067,0.067,0.133,73,215,28.4,555000.00
Franklin Barreto,2B,OAK,23,23,58,57,6,7,2,0,2,5,1,0,1,23,0.123,0.138,0.263,0.401,70,200,28.7,557500.00
Franmil Reyes,RF,CLE,23,150,548,494,69,123,19,0,37,81,0,0,47,156,0.249,0.31,0.512,0.822,77,275,32.6,570500.00
Freddie Freeman,1B,ATL,29,158,692,597,113,176,34,2,38,121,6,3,87,127,0.295,0.389,0.549,0.938,77,220,26.1,
Freddy Galvis,SS,CIN,29,147,589,557,67,145,28,1,23,70,4,2,28,145,0.26,0.296,0.438,0.734,70,185,26.5,4000000.00
Garrett Cooper,1B,MIA,28,107,421,381,52,107,16,1,15,50,0,0,33,110,0.281,0.344,0.446,0.791,78,230,26.6,555000.00
Garrett Hampson,UT,COL,24,105,327,299,40,74,9,4,8,27,15,3,24,88,0.247,0.302,0.385,0.686,71,188,26.2,557000.00
Garrett Stubbs,UT,HOU,26,19,39,35,8,7,3,0,0,2,1,0,4,7,0.2,0.282,0.286,0.568,70,175,25.1,555000.00
Gary Sanchez,C,NYY,26,106,446,396,62,92,12,1,34,77,0,1,40,125,0.232,0.316,0.525,0.841,74,230,29.5,669800.00
Gavin Lux,2B,LAD,21,23,82,75,12,18,4,1,2,9,2,0,7,24,0.24,0.305,0.4,0.705,74,190,24.4,555000.00
George Springer,OF,HOU,29,122,556,479,96,140,20,3,39,96,6,2,67,113,0.292,0.383,0.591,0.974,75,215,26.9,12000000.00
Gerardo Parra,LF,WAS,32,119,301,274,38,64,14,1,9,48,8,3,19,59,0.234,0.293,0.391,0.684,71,210,29.3,1500000.00
Giancarlo Stanton,LF,NYY,29,18,72,59,8,17,3,0,3,13,0,0,12,24,0.288,0.403,0.492,0.894,78,245,28.3,26000000.00
Gio Urshela,3B,NYY,27,132,476,442,73,139,34,0,21,74,1,1,25,87,0.314,0.355,0.534,0.889,72,220,29.8,
Gleyber Torres,MI,NYY,22,144,604,546,96,152,26,0,38,90,5,2,48,129,0.278,0.337,0.535,0.871,73,200,26.4,605000.00
Gordon Beckham,2B,DET,32,83,240,223,29,48,13,2,6,15,3,1,13,68,0.215,0.271,0.372,0.643,72,190,25.8,100000.00
Gorkys Hernandez,OF,BOS,31,20,57,49,5,7,1,2,0,2,1,0,5,14,0.143,0.218,0.245,0.463,73,196,25.9,
Grayson Greiner,C,DET,26,58,224,208,18,42,5,1,5,19,0,0,13,70,0.202,0.251,0.308,0.559,78,239,27.6,558000.00
Greg Allen,LF,CLE,26,89,256,231,30,53,9,3,4,27,8,2,11,53,0.229,0.29,0.346,0.636,72,185,25.1,560400.00
Greg Bird,1B,NYY,26,10,41,35,6,6,0,0,1,1,0,0,6,16,0.171,0.293,0.257,0.55,76,220,26.8,1200000.00
Greg Garcia,2B,SDP,29,134,372,311,52,77,13,4,4,31,0,2,53,83,0.248,0.364,0.354,0.718,72,190,25.8,910000.00
Gregory Polanco,RF,PIT,27,42,167,153,23,37,8,1,6,17,3,1,12,49,0.242,0.301,0.425,0.726,77,235,27.9,6100000.00
Guillermo Heredia,OF,TBR,28,89,231,204,31,46,13,0,5,20,2,2,18,60,0.225,0.306,0.363,0.668,70,195,28,782000.00
Hanley Ramirez,DH,CLE,35,16,57,49,4,9,1,0,2,8,0,0,8,17,0.184,0.298,0.327,0.625,74,235,30.2,
Hanser Alberto,IF,BAL,26,139,550,524,62,160,21,2,12,51,4,4,16,50,0.305,0.329,0.422,0.751,71,215,30,578000.00
Harold Castro,UT,DET,25,97,369,354,30,103,10,4,5,38,4,2,9,86,0.291,0.305,0.384,0.689,72,180,24.4,
Harold Ramirez,RF,MIA,24,119,446,421,54,116,20,3,11,50,2,1,18,91,0.276,0.312,0.416,0.728,70,220,31.6,555000.00
Harrison Bader,CF,STL,25,128,406,347,54,71,14,3,12,39,11,3,46,117,0.205,0.314,0.366,0.68,72,195,26.4,578300.00
Hernan Perez,2B,MIL,28,91,246,232,29,53,11,0,8,18,5,1,11,66,0.228,0.262,0.379,0.642,73,215,28.4,2500000.00
Howie Kendrick,IF,WAS,35,121,370,334,61,115,23,1,17,62,2,1,27,49,0.344,0.395,0.572,0.966,71,220,30.7,4000000.00
Humberto Arteaga,SS,KCR,25,41,135,122,11,24,4,0,0,4,1,1,8,28,0.197,0.258,0.23,0.487,73,160,21.1,
Hunter Dozier,3B,KCR,27,139,586,523,75,146,29,10,26,84,2,2,55,148,0.279,0.348,0.522,0.87,76,220,26.8,567225.00
Hunter Pence,DH,TEX,36,83,316,286,53,85,17,1,18,59,6,1,26,69,0.297,0.358,0.552,0.91,76,230,28,
Hunter Renfroe,OF,SDP,27,140,494,440,64,95,19,1,33,64,5,0,46,154,0.216,0.289,0.489,0.778,73,220,29,582100.00
Ian Desmond,CF,COL,33,140,482,443,64,113,31,4,20,65,3,3,34,119,0.255,0.31,0.479,0.788,75,220,27.5,15000000.00
Ian Happ,UT,CHC,24,58,156,140,25,37,7,1,11,30,2,0,15,39,0.264,0.333,0.564,0.898,72,205,27.8,
Ian Kinsler,2B,SDP,37,87,281,258,28,56,12,0,9,22,2,4,19,54,0.217,0.278,0.368,0.646,72,200,27.1,3750000.00
Ian Miller,OF,MIN,27,12,17,17,2,3,1,0,0,1,0,0,0,3,0.176,0.176,0.235,0.412,72,175,23.7,555000.00
Ichiro Suzuki,RF,SEA,45,2,6,5,0,0,0,0,0,0,0,0,1,1,0,0.167,0,0.167,71,175,24.4,100000.00
Ildemaro Vargas,2B,ARI,27,92,211,201,25,54,9,1,6,24,1,0,9,24,0.269,0.299,0.413,0.712,72,170,23.1,
Isaac Galloway,OF,MIA,29,19,54,54,6,9,1,0,0,1,2,0,0,17,0.167,0.167,0.185,0.352,74,205,26.3,
Isan Diaz,2B,MIA,23,49,201,179,17,31,5,2,5,23,0,3,19,59,0.173,0.259,0.307,0.566,70,185,26.5,555000.00
Isiah Kiner-Falefa,UT,TEX,24,65,222,202,23,48,12,1,1,21,3,0,14,49,0.238,0.299,0.322,0.62,70,176,25.3,
J.D. Davis,LF,NYM,26,140,453,410,65,126,22,1,22,57,3,0,38,97,0.307,0.369,0.527,0.895,75,225,28.1,561420.00
J.D. Martinez,DH,BOS,31,146,657,575,98,175,33,2,36,105,2,0,72,138,0.304,0.383,0.557,0.939,75,220,27.5,23750000.00
J.P. Crawford,SS,SEA,24,93,396,345,43,78,21,4,7,46,5,3,43,83,0.226,0.313,0.371,0.684,74,180,23.1,
J.T. Realmuto,C,PHI,28,145,593,538,92,148,36,3,25,83,9,1,41,123,0.275,0.328,0.493,0.82,73,210,27.7,5900000.00
Jace Peterson,UT,BAL,29,29,108,100,14,22,3,1,2,11,4,1,6,24,0.22,0.269,0.33,0.599,72,215,29.2,
Jack Mayfield,SS,HOU,28,26,65,64,8,10,5,0,2,5,0,0,1,16,0.156,0.169,0.328,0.497,71,190,26.5,555000.00
Jackie Bradley Jr.,CF,BOS,29,147,567,494,69,111,28,3,21,62,8,6,56,155,0.225,0.317,0.421,0.738,70,200,28.7,8550000.00
Jacob Nottingham,UT,MIL,24,9,7,6,1,2,0,0,1,4,0,0,0,2,0.333,0.429,0.833,1.262,74,230,29.5,
Jacob Stallings,C,PIT,29,71,210,191,26,50,5,0,6,13,0,0,16,40,0.262,0.325,0.382,0.708,77,220,26.1,564000.00
JaCoby Jones,CF,DET,27,88,333,298,39,70,19,3,11,26,7,2,27,94,0.235,0.31,0.43,0.74,74,201,25.8,
Jake Bauers,LF,CLE,23,117,423,372,46,84,16,1,12,43,3,3,45,115,0.226,0.312,0.371,0.683,73,195,25.7,560400.00
Jake Cave,OF,MIN,26,72,228,198,28,51,11,2,8,25,0,0,21,71,0.258,0.351,0.455,0.805,72,200,27.1,572500.00
Jake Elmore,UT,PIT,32,20,49,47,3,10,1,0,0,4,0,1,2,8,0.213,0.245,0.234,0.479,70,180,25.8,
Jake Fraley,OF,SEA,24,12,41,40,3,6,2,0,0,1,0,0,0,14,0.15,0.171,0.2,0.371,72,195,26.4,555000.00
Jake Lamb,CI,ARI,28,78,226,187,26,36,8,2,6,30,1,0,32,55,0.193,0.323,0.353,0.676,75,215,26.9,4825000.00
Jake Marisnick,CF,HOU,28,120,318,292,46,68,16,3,10,34,10,3,17,95,0.233,0.289,0.411,0.7,76,220,26.8,2212000.00
Jake Noll,CI,WAS,25,8,13,12,1,2,1,0,0,2,0,0,1,4,0.167,0.231,0.25,0.481,74,185,23.8,555000.00
Jake Rogers,C,DET,24,35,128,112,11,14,3,0,4,8,0,0,13,51,0.125,0.222,0.259,0.481,73,205,27,555000.00
James McCann,C,CHW,29,118,476,439,62,120,26,1,18,60,4,1,30,137,0.273,0.328,0.46,0.789,75,225,28.1,2500000.00
Jared Walsh,1B,LAA,25,31,87,79,6,16,5,1,1,5,0,0,6,35,0.203,0.276,0.329,0.605,72,210,28.5,555000.00
Jarrett Parker,LF,LAA,30,5,15,12,1,0,0,0,0,0,0,0,3,8,0,0.2,0,0.2,76,225,27.4,
Jarrod Dyson,OF,ARI,34,130,452,400,65,92,11,2,7,27,30,4,47,86,0.23,0.313,0.32,0.633,70,165,23.7,3750000.00
Jason Castro,C,MIN,32,79,275,237,39,55,9,0,13,30,0,0,33,88,0.232,0.332,0.435,0.767,75,215,26.9,8000000.00
Jason Heyward,RF,CHC,29,147,589,513,78,129,20,4,21,62,8,3,68,110,0.251,0.343,0.429,0.772,77,240,28.5,20000000.00
Jason Kipnis,2B,CLE,32,121,511,458,52,112,23,1,17,65,7,2,40,88,0.245,0.304,0.41,0.715,71,200,27.9,14666667.00
Jason Martin,OF,PIT,23,20,40,36,5,9,2,0,0,2,2,0,4,10,0.25,0.325,0.306,0.631,69,185,27.3,555000.00
Javier Baez,SS,CHC,26,138,561,531,89,149,38,4,29,85,11,7,28,156,0.281,0.316,0.531,0.847,72,190,25.8,5200000.00
Jay Bruce,RF,PHI,32,98,333,310,43,67,17,0,26,59,1,0,19,82,0.216,0.261,0.523,0.784,75,225,28.1,14000000.00
Jaylin Davis,RF,SFG,24,17,47,42,2,7,0,0,1,3,1,2,3,11,0.167,0.255,0.238,0.493,73,190,25.1,555000.00
JB Shuck,OF,PIT,32,27,57,47,4,10,0,1,0,2,1,1,8,10,0.213,0.339,0.255,0.595,71,195,27.2,700000.00
Jean Segura,SS,PHI,29,144,618,576,79,161,37,4,12,60,10,2,30,73,0.28,0.323,0.42,0.743,70,205,29.4,14850000.00
Jed Lowrie,2B,NYM,35,9,8,7,0,0,0,0,0,0,0,0,1,4,0,0.125,0,0.125,72,180,24.4,
Jedd Gyorko,3B,LAD,30,62,101,92,6,16,1,0,2,9,2,0,9,24,0.174,0.248,0.25,0.498,70,215,30.8,
Jeff Mathis,C,TEX,36,86,244,228,17,36,9,0,2,12,1,0,15,87,0.158,0.209,0.224,0.433,72,205,27.8,3250000.00
Jeff McNeil,UT,NYM,27,133,567,510,83,162,38,1,23,75,5,6,35,75,0.318,0.384,0.531,0.916,73,195,25.7,567714.00
Jeimer Candelario,CI,DET,25,94,386,335,33,68,17,2,8,32,3,1,43,99,0.203,0.306,0.337,0.643,73,221,29.2,
Jesse Winker,LF,CIN,25,113,384,338,51,91,17,2,16,38,0,2,38,60,0.269,0.357,0.473,0.83,75,215,26.9,580000.00
Jesus Aguilar,1B,TBR,29,131,369,314,39,74,12,0,12,50,0,0,43,81,0.236,0.325,0.389,0.714,75,250,31.2,637000.00
Jesus Sucre,C,BAL,31,20,67,62,3,13,2,0,0,3,0,0,4,13,0.21,0.269,0.242,0.511,72,200,27.1,
Jim Adduci,RF,CHC,34,2,5,5,0,0,0,0,0,0,0,0,0,3,0,0,0,0,74,210,27,
Ji-Man Choi,1B,TBR,28,127,487,410,54,107,20,2,19,63,2,3,64,108,0.261,0.363,0.459,0.822,73,250,33,850000.00
Joc Pederson,LF,LAD,27,149,514,450,83,112,16,3,36,74,1,1,50,111,0.249,0.339,0.538,0.876,73,220,29,5000000.00
Joe Panik,2B,NYM,28,142,491,438,50,107,21,2,5,39,4,2,39,47,0.244,0.315,0.336,0.651,73,200,26.4,3800000.00
Joey Gallo,OF,TEX,25,70,297,241,54,61,15,1,22,49,4,2,52,114,0.253,0.389,0.598,0.986,77,235,27.9,605000.00
Joey Rickard,RF,SFG,28,68,189,168,14,38,9,2,3,10,4,2,18,50,0.226,0.312,0.357,0.669,73,185,24.4,570000.00
Joey Votto,1B,CIN,35,142,608,525,79,137,32,1,15,47,5,0,76,123,0.261,0.357,0.411,0.768,74,220,28.2,25000000.00
Joey Wendle,IF,TBR,29,75,263,238,32,55,13,2,3,19,8,3,14,47,0.231,0.293,0.34,0.633,73,200,26.4,570400.00
Johan Camargo,IF,ATL,25,98,248,232,31,54,12,1,7,32,1,0,15,43,0.233,0.279,0.384,0.663,72,195,26.4,
John Hicks,UT,DET,29,95,333,319,29,67,15,0,13,35,1,1,13,109,0.21,0.24,0.379,0.62,74,230,29.5,567100.00
John Ryan Murphy,C,ATL,28,26,70,63,9,11,3,0,4,7,0,0,6,28,0.175,0.246,0.413,0.659,71,205,28.6,900000.00
Jon Berti,UT,MIA,29,73,287,256,52,70,14,1,6,24,17,3,24,73,0.273,0.348,0.406,0.755,70,195,28,
Jon Jay,RF,CHW,34,47,182,165,12,44,8,0,0,9,0,0,8,30,0.267,0.311,0.315,0.626,71,195,27.2,
Jonathan Davis,CF,TOR,27,37,95,83,8,15,1,0,2,6,3,1,5,24,0.181,0.266,0.265,0.531,68,190,28.9,557000.00
Jonathan Lucroy,C,CHC,33,101,328,293,30,68,10,1,8,36,0,0,27,51,0.232,0.305,0.355,0.66,72,200,27.1,3350000.00
Jonathan Schoop,2B,MIN,27,121,464,433,61,111,23,1,23,59,1,1,20,116,0.256,0.304,0.473,0.777,73,225,29.7,7500000.00
Jonathan Villar,2B,BAL,28,162,714,642,111,176,33,5,24,73,40,9,61,176,0.274,0.339,0.453,0.792,73,215,28.4,4825000.00
Jordan Luplow,OF,CLE,25,85,261,225,42,62,15,1,15,38,3,2,33,61,0.276,0.372,0.551,0.923,73,195,25.7,564000.00
Jordy Mercer,SS,DET,32,74,271,256,24,69,16,0,9,22,0,0,13,57,0.27,0.31,0.438,0.747,75,210,26.2,5250000.00
Jorge Alfaro,C,MIA,26,130,465,431,44,113,14,1,18,57,4,4,22,154,0.262,0.312,0.425,0.736,74,225,28.9,570000.00
Jorge Bonifacio,OF,KCR,26,5,21,20,3,7,3,0,0,3,0,0,1,7,0.35,0.381,0.5,0.881,73,225,29.7,
Jorge Polanco,SS,MIN,25,153,704,631,107,186,40,7,22,79,4,3,60,116,0.295,0.356,0.485,0.841,71,200,27.9,3583333.00
Jorge Soler,DH,KCR,27,162,679,589,95,156,33,1,48,117,3,1,73,178,0.265,0.354,0.569,0.922,76,230,28,
Jose Abreu,1B,CHW,32,159,693,634,85,180,38,1,33,123,2,2,36,152,0.284,0.33,0.503,0.834,75,255,31.9,16000000.00
Jose Altuve,2B,HOU,29,124,548,500,89,149,27,3,31,74,6,5,41,82,0.298,0.353,0.55,0.903,66,165,26.6,9500000.00
Jose Iglesias,SS,CIN,29,146,530,504,62,145,21,3,11,59,6,6,20,70,0.288,0.318,0.407,0.724,71,194,27.1,2500000.00
Jose Martinez,RF,STL,30,128,373,334,45,90,13,2,10,42,3,0,35,82,0.269,0.34,0.41,0.751,78,215,24.8,1125000.00
Jose Osuna,UT,PIT,26,95,285,261,41,69,20,0,10,36,0,0,18,48,0.264,0.31,0.456,0.766,74,240,30.8,
Jose Peraza,2B,CIN,25,141,403,376,37,90,18,2,6,33,7,6,17,58,0.239,0.285,0.346,0.631,72,196,26.6,2775000.00
Jose Pirela,LF,PHI,29,14,24,22,1,4,1,0,1,2,0,0,2,7,0.182,0.25,0.364,0.614,72,220,29.8,575000.00
Jose Ramirez,3B,CLE,26,129,542,482,68,123,33,3,23,83,24,4,52,74,0.255,0.327,0.479,0.806,69,190,28.1,4150000.00
Jose Rondon,2B,BAL,25,56,157,143,10,28,3,0,3,9,0,0,11,38,0.196,0.262,0.28,0.543,73,195,25.7,560000.00
Jose Trevino,C,TEX,26,40,126,120,18,31,9,0,2,13,0,0,3,27,0.258,0.272,0.383,0.655,71,211,29.4,
Josh Bell,1B,PIT,26,143,613,527,94,146,37,3,37,116,0,1,74,118,0.277,0.367,0.569,0.936,76,240,29.2,587000.00
Josh Donaldson,3B,ATL,33,155,659,549,96,142,33,0,37,94,4,2,100,155,0.259,0.379,0.521,0.9,73,210,27.7,
Josh Fuentes,1B,COL,26,24,56,55,8,12,1,0,3,7,1,0,1,20,0.218,0.232,0.4,0.632,74,209,26.8,555000.00
Josh Harrison,2B,DET,31,36,147,137,10,24,7,1,1,8,4,2,6,27,0.175,0.218,0.263,0.48,68,185,28.1,2000000.00
Josh Naylor,OF,SDP,22,94,279,253,29,63,15,0,8,32,1,1,25,64,0.249,0.315,0.403,0.719,71,250,34.9,555000.00
Josh Phegley,C,OAK,31,106,342,314,44,75,18,0,12,62,0,1,15,63,0.239,0.282,0.411,0.693,70,225,32.3,1075000.00
Josh Reddick,RF,HOU,32,141,550,501,57,138,19,3,14,56,5,2,36,66,0.275,0.319,0.409,0.728,74,195,25,13000000.00
Josh Rojas,LF,ARI,25,41,157,138,17,30,7,0,2,16,4,2,18,41,0.217,0.312,0.312,0.624,73,185,24.4,555000.00
Josh VanMeter,LF,CIN,24,95,260,228,33,54,13,1,8,23,9,3,29,56,0.237,0.327,0.408,0.735,71,165,23,555000.00
JT Riddle,CF,MIA,27,51,139,132,15,25,6,0,6,12,0,0,5,42,0.189,0.23,0.371,0.601,73,180,23.7,560000.00
Juan Centeno,C,BOS,29,7,18,15,0,2,0,0,0,2,1,0,2,2,0.133,0.278,0.133,0.411,69,195,28.8,
Juan Graterol,C,CIN,30,6,18,18,1,4,0,0,0,1,0,0,0,4,0.222,0.222,0.222,0.444,73,205,27,
Juan Lagares,CF,NYM,30,133,285,258,38,55,12,1,5,27,4,1,22,75,0.213,0.279,0.326,0.605,73,215,28.4,9000000.00
Juan Soto,LF,WAS,20,150,659,542,110,153,32,5,34,110,12,1,108,132,0.282,0.401,0.548,0.949,73,185,24.4,578300.00
Jung Ho Kang,3B,PIT,32,65,185,172,15,29,7,1,10,24,0,0,11,60,0.169,0.222,0.395,0.617,72,210,28.5,3000000.00
Jurickson Profar,2B,OAK,26,139,518,459,65,100,24,2,20,67,9,1,48,75,0.218,0.301,0.41,0.711,72,190,25.8,3600000.00
Justin Bour,1B,LAA,31,52,170,151,18,26,5,0,8,26,0,0,17,52,0.172,0.259,0.364,0.623,76,270,32.9,2500000.00
Justin Smoak,1B,TOR,32,121,500,414,54,86,16,0,22,61,0,0,79,106,0.208,0.342,0.406,0.748,76,220,26.8,8000000.00
Justin Turner,3B,LAD,34,135,549,479,80,139,24,0,27,67,2,0,51,88,0.29,0.372,0.509,0.881,71,202,28.2,19000000.00
Justin Upton,LF,LAA,31,63,256,219,34,47,8,0,12,40,1,1,32,78,0.215,0.309,0.416,0.724,74,215,27.6,
Kaleb Cowart,IF,LAA,27,9,26,25,1,4,3,0,0,1,1,0,1,7,0.16,0.192,0.28,0.472,75,225,28.1,
Kean Wong,2B,LAA,24,7,18,18,2,3,0,0,0,0,0,1,0,6,0.167,0.167,0.167,0.333,71,185,25.8,555000.00
Kelvin Gutierrez,3B,KCR,24,20,79,73,4,19,2,1,1,11,1,0,5,24,0.26,0.304,0.356,0.66,75,215,26.9,555000.00
Kendrys Morales,DH,NYY,36,53,201,170,16,33,2,1,2,12,0,0,26,26,0.194,0.313,0.253,0.566,73,242,31.9,12000000.00
Keon Broxton,CF,SEA,29,100,228,204,24,34,4,0,6,16,10,6,20,104,0.167,0.242,0.275,0.517,75,195,24.4,571765.00
Keston Hiura,2B,MIL,22,84,348,314,51,95,23,2,19,49,9,3,25,107,0.303,0.368,0.57,0.938,71,190,26.5,555000.00
Ketel Marte,CF,ARI,25,144,628,569,97,187,36,9,32,92,10,2,53,86,0.329,0.389,0.592,0.981,73,165,21.8,2400000.00
Kevan Smith,C,LAA,31,67,211,191,21,48,12,0,5,20,2,0,16,37,0.251,0.318,0.393,0.71,76,240,29.2,572500.00
Kevin Cron,1B,ARI,26,39,78,71,12,15,4,0,6,16,0,1,4,28,0.211,0.269,0.521,0.79,77,250,29.6,555000.00
Kevin Kiermaier,CF,TBR,29,129,480,447,60,102,20,7,14,55,19,5,26,104,0.228,0.278,0.398,0.676,73,210,27.7,8166667.00
Kevin Kramer,UT,PIT,25,22,50,42,5,7,1,0,0,5,0,1,6,17,0.167,0.26,0.19,0.45,72,200,27.1,
Kevin Newman,SS,PIT,25,130,531,493,61,152,20,6,12,64,16,8,28,62,0.308,0.353,0.446,0.8,72,195,26.4,557500.00
Kevin Pillar,CF,SFG,30,161,645,611,83,158,37,3,21,88,14,5,18,89,0.259,0.287,0.432,0.719,72,210,28.5,5800000.00
Kevin Plawecki,C,CLE,28,59,174,158,13,35,10,0,3,17,0,1,12,31,0.222,0.287,0.342,0.629,74,220,28.2,1137000.00
Khris Davis,DH,OAK,31,133,533,481,61,106,11,0,23,73,0,0,47,146,0.22,0.293,0.387,0.679,71,203,28.3,16500000.00
Kole Calhoun,RF,LAA,31,152,632,552,92,128,29,1,33,74,4,1,70,162,0.232,0.325,0.467,0.792,70,215,30.8,10500000.00
Kolten Wong,2B,STL,28,148,549,478,61,136,25,4,11,59,24,4,47,83,0.285,0.361,0.423,0.784,69,185,27.3,6500000.00
Kris Bryant,3B,CHC,27,147,634,543,108,153,35,1,31,77,4,0,74,145,0.282,0.382,0.521,0.903,77,230,27.3,12900000.00
Kristopher Negron,2B,LAD,33,40,82,77,12,19,1,0,2,8,1,1,5,26,0.247,0.293,0.338,0.63,72,190,25.8,
Kurt Suzuki,C,WAS,35,85,309,280,37,74,11,0,17,63,0,1,20,36,0.264,0.324,0.486,0.809,71,210,29.3,4000000.00
Kyle Farmer,UT,CIN,28,97,197,183,22,42,6,0,9,27,4,1,10,59,0.23,0.279,0.41,0.689,72,214,29,557500.00
Kyle Garlick,OF,LAD,27,30,53,48,8,12,4,0,3,6,0,0,5,19,0.25,0.321,0.521,0.842,73,210,27.7,555000.00
Kyle Higashioka,C,NYY,29,18,57,56,8,12,5,0,3,11,0,0,0,26,0.214,0.211,0.464,0.675,73,205,27,
Kyle Lewis,RF,SEA,23,18,75,71,10,19,5,0,6,13,0,0,3,29,0.268,0.293,0.592,0.885,76,210,25.6,555000.00
Kyle Schwarber,LF,CHC,26,155,610,529,82,132,29,3,38,92,2,3,70,156,0.25,0.339,0.531,0.871,72,235,31.9,3390000.00
Kyle Seager,3B,SEA,31,106,443,393,55,94,19,1,23,63,2,2,44,86,0.239,0.321,0.468,0.789,72,210,28.5,
Kyle Tucker,UT,HOU,22,22,72,67,15,18,6,0,4,11,5,0,4,20,0.269,0.319,0.537,0.857,76,190,23.1,
LaMonte Wade Jr,UT,MIN,25,26,69,56,10,11,2,1,2,5,0,1,11,9,0.196,0.348,0.375,0.723,73,205,27,555000.00
Lane Thomas,OF,STL,23,34,44,38,6,12,0,1,4,12,1,1,4,8,0.316,0.409,0.684,1.093,73,210,27.7,555000.00
Leonys Martin,CF,CLE,31,65,264,236,32,47,7,0,9,19,4,5,21,78,0.199,0.276,0.343,0.619,74,200,25.7,3000000.00
Leury Garcia,UT,CHW,28,140,618,577,93,161,27,3,8,40,15,5,21,139,0.279,0.31,0.378,0.688,68,180,27.4,1550000.00
Lewis Brinson,CF,MIA,25,75,248,226,15,39,9,1,0,15,1,1,13,74,0.173,0.236,0.221,0.457,75,195,24.4,570000.00
Logan Forsythe,CI,TEX,32,101,367,317,38,72,17,1,7,39,2,0,44,100,0.227,0.325,0.353,0.678,73,205,27,2100000.00
Logan Morrison,1B,PHI,31,29,38,35,5,7,1,0,2,3,0,0,3,10,0.2,0.263,0.4,0.663,75,245,30.6,
Lorenzo Cain,CF,MIL,33,148,623,562,75,146,30,0,11,48,18,8,50,106,0.26,0.325,0.372,0.697,74,205,26.3,15000000.00
Lourdes Gurriel Jr.,LF,TOR,25,84,343,314,52,87,19,2,20,50,6,4,20,86,0.277,0.327,0.541,0.869,74,215,27.6,1928571.00
Lucas Duda,1B,KCR,33,39,119,105,7,18,4,0,4,15,0,0,11,32,0.171,0.252,0.324,0.576,76,255,31,1250000.00
Luis Arraez,UT,MIN,22,92,366,326,54,109,20,1,4,28,2,2,36,29,0.334,0.399,0.439,0.838,70,177,25.4,555000.00
Luis Guillorme,IF,NYM,24,45,70,61,8,15,4,0,1,3,0,0,7,14,0.246,0.324,0.361,0.684,70,195,28,555960.00
Luis Rengifo,2B,LAA,22,108,406,357,44,85,18,3,7,33,2,5,40,93,0.238,0.321,0.364,0.685,70,195,28,555000.00
Luis Torrens,C,SDP,23,7,16,14,2,3,1,0,0,0,0,0,2,6,0.214,0.313,0.286,0.598,72,175,23.7,
Luis Urias,MI,SDP,22,71,249,215,27,48,8,1,4,24,0,1,25,56,0.223,0.329,0.326,0.655,69,185,27.3,556400.00
Luke Maile,C,TOR,28,44,129,119,9,18,2,1,2,9,1,0,8,33,0.151,0.205,0.235,0.44,75,225,28.1,579000.00
Luke Voit,1B,NYY,28,118,510,429,72,113,21,1,21,62,0,0,71,142,0.263,0.378,0.464,0.842,75,225,28.1,573200.00
Mac Williamson,LF,SEA,28,40,144,128,13,20,1,0,4,17,2,1,14,44,0.156,0.25,0.258,0.508,76,237,28.8,567500.00
Magneuris Sierra,OF,MIA,23,15,42,40,5,14,1,1,0,1,3,3,2,7,0.35,0.381,0.425,0.806,71,160,22.3,
Maikel Franco,3B,PHI,26,123,428,389,48,91,17,0,17,56,0,0,36,61,0.234,0.297,0.409,0.705,73,215,28.4,5200000.00
Mallex Smith,CF,SEA,26,134,566,510,70,116,19,9,6,37,46,9,42,141,0.227,0.3,0.335,0.635,70,180,25.8,578400.00
Manny Machado,3B,SDP,26,156,661,587,81,150,21,2,32,85,5,3,65,128,0.256,0.334,0.462,0.796,75,215,26.9,12000000.00
Manny Pina,C,MIL,32,76,179,158,10,36,8,0,7,25,0,0,16,50,0.228,0.313,0.411,0.724,72,215,29.2,1600000.00
Manuel Margot,CF,SDP,24,151,441,398,59,93,19,3,12,37,20,4,38,88,0.234,0.304,0.387,0.691,71,180,25.1,577100.00
Marcell Ozuna,LF,STL,28,130,549,485,80,117,23,1,29,89,12,2,62,114,0.241,0.328,0.472,0.8,73,225,29.7,12250000.00
Marco Hernandez,2B,BOS,26,61,155,148,18,37,7,0,2,11,1,2,3,42,0.25,0.279,0.338,0.617,72,200,27.1,
Marcus Semien,SS,OAK,28,162,747,657,123,187,43,7,33,92,10,8,87,102,0.285,0.369,0.522,0.892,72,195,26.4,5900000.00
Mark Canha,OF,OAK,30,126,497,410,80,112,16,3,26,58,3,2,67,107,0.273,0.396,0.517,0.913,74,212,27.2,2050000.00
Mark Reynolds,1B,COL,35,78,162,135,13,23,7,0,4,20,2,0,22,57,0.17,0.29,0.311,0.601,74,220,28.2,1000000.00
Mark Trumbo,DH,BAL,33,12,31,29,1,5,3,0,0,3,0,0,2,5,0.172,0.226,0.276,0.502,76,225,27.4,
Mark Zagunis,OF,CHC,26,30,40,36,2,9,3,0,0,5,0,0,4,16,0.25,0.325,0.333,0.658,72,215,29.2,556500.00
Martin Maldonado,C,HOU,32,105,374,333,46,71,19,0,12,27,0,0,32,86,0.213,0.293,0.378,0.671,72,230,31.2,2500000.00
Martin Prado,CI,MIA,35,104,260,245,26,57,9,0,2,15,0,0,12,41,0.233,0.265,0.294,0.559,72,215,29.2,15000000.00
Marwin Gonzalez,UT,MIN,30,114,463,425,52,112,19,0,15,55,1,0,31,98,0.264,0.322,0.414,0.736,73,205,27,12000000.00
Mason Williams,OF,BAL,27,11,34,30,4,8,1,0,0,2,1,0,3,6,0.267,0.324,0.3,0.624,73,195,25.7,
Matt Adams,1B,WAS,30,111,333,310,42,70,14,0,20,56,0,0,20,115,0.226,0.276,0.465,0.741,75,245,30.6,3000000.00
Matt Beaty,UT,LAD,26,99,268,249,36,66,19,1,9,46,5,0,17,33,0.265,0.317,0.458,0.775,72,215,29.2,555000.00
Matt Carpenter,3B,STL,33,129,492,416,59,94,20,2,15,46,6,1,63,129,0.226,0.334,0.392,0.726,75,205,25.6,14750000.00
Matt Chapman,3B,OAK,26,156,670,583,102,145,36,3,36,91,1,1,73,147,0.249,0.342,0.506,0.848,72,220,29.8,580000.00
Matt Duffy,3B,TBR,28,46,169,147,12,37,8,0,1,12,0,1,19,29,0.252,0.343,0.327,0.67,74,190,24.4,
Matt Kemp,LF,CIN,34,20,62,60,4,12,2,0,1,5,0,0,1,19,0.2,0.21,0.283,0.493,76,225,27.4,
Matt Olson,1B,OAK,25,127,547,483,73,129,26,0,36,91,0,0,51,138,0.267,0.351,0.545,0.896,77,230,27.3,575000.00
Matt Skole,DH,CHW,29,27,80,72,7,15,2,0,0,6,0,0,7,31,0.208,0.275,0.236,0.511,76,220,26.8,
Matt Thaiss,3B,LAA,24,53,164,147,17,31,7,0,8,23,0,0,17,52,0.211,0.293,0.422,0.714,72,215,29.2,555000.00
Matt Wieters,C,STL,33,67,183,168,15,36,4,0,11,27,1,1,12,47,0.214,0.268,0.435,0.702,77,235,27.9,1500000.00
Matthew Joyce,RF,ATL,34,129,238,200,32,59,10,0,7,23,0,0,38,45,0.295,0.408,0.45,0.858,74,200,25.7,
Mauricio Dubon,SS,SFG,24,30,111,106,12,29,5,0,4,9,3,1,5,20,0.274,0.306,0.434,0.74,72,160,21.7,555000.00
Max Kepler,RF,MIN,26,134,596,524,98,132,32,0,36,90,1,5,60,99,0.252,0.336,0.519,0.855,76,220,26.8,6000000.00
Max Moroff,IF,CLE,26,20,35,32,3,4,1,0,1,4,1,0,2,16,0.125,0.176,0.25,0.426,70,190,27.3,
Max Muncy,1B,LAD,28,141,589,487,101,122,22,1,35,98,4,1,90,149,0.251,0.374,0.515,0.889,72,218,29.6,575000.00
Max Stassi,C,LAA,28,51,148,132,7,18,1,0,1,5,0,0,12,49,0.136,0.211,0.167,0.378,70,200,28.7,590000.00
Meibrys Viloria,C,KCR,22,42,148,133,7,28,7,0,1,15,0,1,10,44,0.211,0.259,0.286,0.544,71,220,30.7,
Melky Cabrera,RF,PIT,34,133,397,378,43,106,22,1,7,47,2,0,17,41,0.28,0.313,0.399,0.713,70,210,30.1,
Michael A. Taylor,CF,WAS,28,53,97,88,10,22,7,0,1,3,6,0,7,34,0.25,0.305,0.364,0.669,76,212,25.8,3250000.00
Michael Brantley,LF,HOU,32,148,637,575,88,179,40,2,22,90,3,2,51,66,0.311,0.372,0.503,0.875,74,200,25.7,16000000.00
Michael Chavis,IF,BOS,23,95,382,347,46,88,10,1,18,58,2,1,31,127,0.254,0.322,0.444,0.766,70,216,31,555000.00
Michael Conforto,RF,NYM,26,151,648,549,90,141,29,1,33,92,7,2,84,149,0.257,0.363,0.494,0.856,73,215,28.4,4025000.00
Michael Hermosillo,OF,LAA,24,18,46,36,7,5,1,1,0,3,2,0,5,19,0.139,0.304,0.222,0.527,72,205,27.8,
Michael Lorenzen,OF,CIN,27,100,53,48,6,10,2,0,1,6,5,2,5,17,0.208,0.283,0.313,0.596,75,217,27.1,1950000.00
Michael Perez,C,TBR,26,22,55,46,6,10,5,0,0,2,0,0,8,19,0.217,0.345,0.326,0.672,70,195,28,556700.00
Michael Reed,OF,SFG,26,4,8,8,0,0,0,0,0,0,0,0,0,6,0,0,0,0,72,215,29.2,557500.00
Miguel Andujar,DH,NYY,24,12,49,47,1,6,0,0,0,1,0,0,1,11,0.128,0.143,0.128,0.271,72,215,29.2,617000.00
Miguel Cabrera,DH,DET,36,136,549,493,41,139,21,0,12,59,0,0,48,108,0.282,0.346,0.398,0.744,76,249,30.3,30000000.00
Miguel Rojas,SS,MIA,30,132,526,483,52,137,29,1,5,46,9,5,32,62,0.284,0.331,0.379,0.71,71,195,27.2,3155000.00
Miguel Sano,3B,MIN,26,105,439,380,76,94,19,2,34,79,0,1,55,159,0.247,0.346,0.576,0.923,76,272,33.1,
Mike Brosseau,IF,TBR,25,50,142,132,17,36,7,0,6,16,1,0,7,39,0.273,0.319,0.462,0.781,70,215,30.8,555000.00
Mike Ford,1B,NYY,26,50,163,143,30,37,7,0,12,25,0,0,17,28,0.259,0.35,0.559,0.909,72,225,30.5,555000.00
Mike Freeman,2B,CLE,31,75,213,177,27,49,8,0,4,24,1,2,22,61,0.277,0.362,0.39,0.752,72,195,26.4,
Mike Gerber,OF,SFG,26,12,26,24,0,1,1,0,0,0,0,0,2,15,0.042,0.115,0.083,0.199,72,190,25.8,
Mike Moustakas,3B,MIL,30,143,584,523,80,133,30,1,35,87,3,0,53,98,0.254,0.329,0.516,0.845,72,225,30.5,7000000.00
Mike Tauchman,LF,NYY,28,87,296,260,46,72,18,1,13,47,6,0,34,71,0.277,0.361,0.504,0.865,74,220,28.2,557000.00
Mike Trout,CF,LAA,27,134,600,470,110,137,27,2,45,104,11,2,110,120,0.291,0.438,0.645,1.083,74,235,30.2,36833333.00
Mike Yastrzemski,LF,SFG,28,107,411,371,64,101,22,3,21,55,2,4,32,107,0.272,0.334,0.518,0.852,71,180,25.1,555000.00
Mike Zunino,C,TBR,28,90,289,266,30,44,10,1,9,32,0,0,20,98,0.165,0.232,0.312,0.544,74,235,30.2,4412000.00
Mikie Mahtook,CF,DET,29,9,25,23,0,0,0,0,0,0,0,0,2,11,0,0.08,0,0.08,73,216,28.5,574500.00
Mitch Garver,C,MIN,28,93,359,311,70,85,16,1,31,67,0,0,41,87,0.273,0.365,0.63,0.995,73,220,29,
Mitch Haniger,RF,SEA,28,63,283,246,46,54,13,1,15,32,4,0,30,81,0.22,0.314,0.463,0.778,74,215,27.6,590100.00
Mitch Moreland,1B,BOS,33,91,335,298,48,75,17,1,19,58,1,0,34,74,0.252,0.328,0.507,0.835,74,230,29.5,6500000.00
Mitch Walding,3B,PHI,26,2,2,2,0,0,0,0,0,0,0,0,0,2,0,0,0,0,75,190,23.7,
Mookie Betts,RF,BOS,26,150,706,597,135,176,40,5,29,80,16,3,97,101,0.295,0.391,0.524,0.915,69,180,26.6,20000000.00
Myles Straw,SS,HOU,24,56,128,108,27,29,4,2,0,7,8,1,19,24,0.269,0.378,0.343,0.721,70,180,25.8,
Nate Lowe,1B,TBR,23,50,169,152,24,40,8,0,7,19,0,0,13,50,0.263,0.325,0.454,0.779,76,245,29.8,555000.00
Neil Walker,CI,MIA,33,115,381,337,37,88,19,1,8,38,3,0,42,77,0.261,0.344,0.395,0.738,75,210,26.2,2000000.00
Nelson Cruz,DH,MIN,38,120,521,454,81,141,26,0,41,108,0,1,56,131,0.311,0.392,0.639,1.031,74,230,29.5,14000000.00
Nicholas Castellanos,RF,CHC,27,151,664,615,100,178,58,3,27,73,2,2,41,143,0.289,0.337,0.525,0.863,76,203,24.7,9950000.00
Nick Ahmed,SS,ARI,29,158,625,556,79,141,33,6,19,82,8,2,52,113,0.254,0.316,0.437,0.753,74,195,25,3663333.00
Nick Ciuffo,C,TBR,24,3,6,6,0,1,0,0,0,0,0,0,0,3,0.167,0.167,0.167,0.333,73,200,26.4,
Nick Dini,C,KCR,25,20,64,56,11,11,3,0,2,6,0,0,4,18,0.196,0.27,0.357,0.627,68,180,27.4,555000.00
Nick Hundley,C,OAK,35,31,73,70,5,14,3,1,2,5,0,1,2,18,0.2,0.233,0.357,0.59,72,203,27.5,1250000.00
Nick Markakis,RF,ATL,35,116,469,414,61,118,25,2,9,62,2,0,47,59,0.285,0.356,0.42,0.776,73,210,27.7,
Nick Martini,LF,SDP,29,32,107,93,8,21,4,1,1,7,0,0,14,26,0.226,0.33,0.323,0.653,71,205,28.6,560000.00
Nick Senzel,CF,CIN,24,104,414,375,55,96,20,4,12,42,14,5,30,101,0.256,0.315,0.427,0.742,73,205,27,555000.00
Nick Solak,DH,TEX,24,33,135,116,19,34,6,1,5,17,2,0,15,29,0.293,0.393,0.491,0.884,71,190,26.5,555000.00
Nick Williams,LF,PHI,25,67,112,106,9,16,4,0,2,5,0,0,4,43,0.151,0.196,0.245,0.442,75,195,24.4,575000.00
Nicky Delmonico,LF,CHW,26,21,68,63,6,13,2,0,1,6,0,1,4,25,0.206,0.265,0.286,0.55,74,230,29.5,
Nicky Lopez,MI,KCR,24,103,402,379,44,91,22,2,2,30,1,1,18,51,0.24,0.276,0.325,0.601,71,175,24.4,555000.00
Nico Hoerner,SS,CHC,22,20,82,78,13,22,1,1,3,17,0,0,3,11,0.282,0.305,0.436,0.741,73,200,26.4,555000.00
Niko Goodrum,UT,DET,27,112,472,423,61,105,27,5,12,45,12,3,46,138,0.248,0.322,0.421,0.743,75,218,27.2,670000.00
Noel Cuevas,LF,COL,27,1,2,2,0,0,0,0,0,0,0,0,0,0,0,0,0,0,72,224,30.4,
Nolan Arenado,3B,COL,28,155,662,588,102,185,31,2,41,118,3,2,62,93,0.315,0.379,0.583,0.962,74,215,27.6,26000000.00
Nomar Mazara,RF,TEX,24,116,469,429,69,115,27,1,19,66,4,1,28,108,0.268,0.318,0.469,0.786,76,215,26.2,3300000.00
Odubel Herrera,CF,PHI,27,39,139,126,12,28,10,1,1,16,2,2,11,33,0.222,0.288,0.341,0.629,71,205,28.6,5350000.00
Omar Narvaez,C,SEA,27,132,482,428,63,119,12,0,22,55,0,0,47,92,0.278,0.353,0.46,0.813,71,220,30.7,581200.00
Orlando Arcia,SS,MIL,24,152,546,494,51,110,16,1,15,59,8,5,43,109,0.223,0.283,0.35,0.633,72,165,22.4,565700.00
Oscar Mercado,CF,CLE,24,115,482,438,70,118,25,3,15,54,15,4,28,84,0.269,0.318,0.443,0.761,74,197,25.3,
Ozzie Albies,2B,ATL,22,160,702,640,102,189,43,8,24,86,15,4,54,112,0.295,0.352,0.5,0.852,68,165,25.1,
Pablo Reyes,UT,PIT,25,71,157,143,18,29,7,2,2,19,1,1,13,36,0.203,0.274,0.322,0.596,68,175,26.6,565500.00
Pablo Sandoval,3B,SFG,32,108,296,272,42,73,23,0,14,41,1,0,18,67,0.268,0.313,0.507,0.82,71,268,37.4,
Pat Valaika,IF,COL,26,40,86,79,11,15,5,1,1,4,0,0,7,34,0.19,0.256,0.316,0.572,71,208,29,
Patrick Wisdom,CI,TEX,27,9,28,26,1,4,1,0,0,1,0,0,1,15,0.154,0.185,0.192,0.377,74,220,28.2,
Paul DeJong,SS,STL,25,159,664,583,97,136,31,1,30,78,9,5,62,149,0.233,0.318,0.444,0.762,73,200,26.4,1666667.00
Paul Goldschmidt,1B,STL,31,161,682,597,97,155,25,1,34,97,3,1,78,166,0.26,0.346,0.476,0.821,75,225,28.1,14500000.00
Pedro Severino,C,BAL,25,96,341,305,37,76,13,0,13,44,3,1,29,73,0.249,0.321,0.42,0.74,73,219,28.9,563500.00
Pete Alonso,1B,NYM,24,161,693,597,103,155,30,2,53,120,1,0,72,183,0.26,0.358,0.583,0.941,75,245,30.6,555000.00
Peter Bourjos,OF,LAA,32,26,46,44,4,4,1,0,0,2,2,0,1,15,0.091,0.109,0.114,0.222,73,190,25.1,100000.00
Peter O'Brien,OF,MIA,28,14,47,42,2,7,1,0,1,4,1,0,4,19,0.167,0.255,0.262,0.517,76,235,28.6,
Phil Ervin,OF,CIN,26,94,260,236,30,64,11,7,7,23,4,3,18,63,0.271,0.331,0.466,0.797,70,207,29.7,
Phil Gosselin,UT,PHI,30,44,68,65,5,17,3,0,0,7,0,0,3,16,0.262,0.294,0.308,0.602,73,200,26.4,
Rafael Devers,3B,BOS,22,156,702,647,129,201,54,4,32,115,8,8,48,119,0.311,0.361,0.555,0.916,72,237,32.1,614000.00
Rafael Ortega,LF,ATL,28,34,96,88,7,18,3,0,2,10,3,0,8,22,0.205,0.271,0.307,0.578,71,160,22.3,
Raimel Tapia,LF,COL,25,138,447,426,54,117,23,5,9,44,9,3,21,100,0.275,0.309,0.415,0.724,74,185,23.8,560000.00
Rajai Davis,OF,NYM,38,29,26,25,4,5,2,0,1,8,0,1,1,5,0.2,0.231,0.4,0.631,70,195,28,
Ramon Laureano,CF,OAK,24,123,481,434,79,125,29,0,24,67,13,2,27,123,0.288,0.34,0.521,0.86,71,200,27.9,557500.00
Randal Grichuk,RF,TOR,27,151,628,586,75,136,29,5,31,80,2,1,35,163,0.232,0.28,0.457,0.738,74,213,27.3,5000000.00
Randy Arozarena,OF,STL,24,19,23,20,4,6,1,0,1,2,2,1,2,4,0.3,0.391,0.5,0.891,71,170,23.7,555000.00
Rangel Ravelo,1B,STL,27,29,43,39,4,8,2,0,2,7,0,0,3,12,0.205,0.256,0.41,0.666,73,225,29.7,555000.00
Raudy Read,C,WAS,25,6,11,11,0,1,0,0,0,0,0,0,0,5,0.091,0.091,0.091,0.182,73,200,26.4,
Reese McGuire,C,TOR,24,30,105,97,14,29,7,0,5,11,0,0,7,18,0.299,0.346,0.526,0.872,71,215,30,
Renato Nunez,DH,BAL,25,151,599,541,72,132,24,0,31,90,1,1,44,143,0.244,0.311,0.46,0.771,73,220,29,562000.00
Rene Rivera,C,NYM,35,9,20,17,2,4,0,0,1,3,0,0,3,4,0.235,0.35,0.412,0.762,70,215,30.8,
Rhys Hoskins,1B,PHI,26,160,705,570,86,129,33,5,29,85,2,2,116,173,0.226,0.364,0.454,0.819,76,225,27.4,575000.00
Richard Urena,IF,TOR,23,30,80,74,4,18,6,0,0,4,0,0,2,23,0.243,0.273,0.324,0.597,72,195,26.4,562000.00
Richie Martin,SS,BAL,24,120,309,283,29,59,8,3,6,23,10,1,14,83,0.208,0.26,0.322,0.581,71,190,26.5,555000.00
Rio Ruiz,3B,BAL,25,127,413,370,35,86,13,2,12,46,0,1,40,88,0.232,0.306,0.376,0.682,73,215,28.4,558500.00
Rob Brantly,C,PHI,29,1,1,1,0,0,0,0,0,0,0,0,0,1,0,0,0,0,73,195,25.7,
Robbie Grossman,LF,OAK,29,138,482,420,57,101,21,3,6,38,9,4,59,86,0.24,0.334,0.348,0.682,72,215,29.2,2000000.00
Robel Garcia,2B,CHC,26,31,80,72,8,15,2,2,5,11,0,0,7,35,0.208,0.275,0.5,0.775,72,168,22.8,555000.00
Roberto Perez,C,CLE,30,119,449,389,46,93,9,1,24,63,0,0,45,127,0.239,0.321,0.452,0.774,71,220,30.7,2625000.00
Robinson Cano,2B,NYM,36,107,423,390,46,100,28,0,13,39,0,0,25,69,0.256,0.307,0.428,0.736,72,210,28.5,24000000.00
Robinson Chirinos,C,HOU,35,114,437,366,57,87,22,1,17,58,1,2,51,125,0.238,0.347,0.443,0.79,73,210,27.7,5750000.00
Rocky Gale,C,LAD,31,5,15,15,1,2,0,0,0,0,0,0,0,7,0.133,0.133,0.133,0.267,73,185,24.4,
Roman Quinn,CF,PHI,26,44,122,108,18,23,3,1,4,11,8,0,12,34,0.213,0.298,0.37,0.668,70,170,24.4,559000.00
Ronald Acuna Jr.,CF,ATL,21,156,715,626,127,175,22,2,41,101,37,9,76,188,0.28,0.365,0.518,0.883,72,180,24.4,
Ronald Guzman,1B,TEX,24,87,295,256,34,56,20,0,10,36,1,2,32,87,0.219,0.308,0.414,0.723,77,225,26.7,569500.00
Ronald Torreyes,IF,MIN,26,7,17,16,3,3,0,0,0,1,1,0,0,3,0.188,0.235,0.188,0.423,68,151,23,
Ronny Rodriguez,MI,DET,27,84,294,276,29,61,12,3,14,43,3,1,13,82,0.221,0.252,0.438,0.69,72,200,27.1,560000.00
Rosell Herrera,OF,MIA,26,63,119,105,10,21,6,0,2,11,4,1,11,27,0.2,0.288,0.314,0.602,75,195,24.4,560000.00
Rougned Odor,2B,TEX,25,145,581,522,77,107,30,1,30,93,11,9,52,178,0.205,0.283,0.439,0.721,71,195,27.2,7833333.00
Rowdy Tellez,DH,TOR,24,111,409,370,49,84,19,0,21,54,1,1,29,116,0.227,0.293,0.449,0.742,76,255,31,557500.00
Ruben Tejada,IF,NYM,29,6,9,9,1,0,0,0,0,0,0,0,0,3,0,0,0,0,71,200,27.9,
Russell Martin,C,LAD,36,83,249,209,29,46,5,0,6,20,1,0,30,60,0.22,0.337,0.33,0.667,70,215,30.8,20000000.00
Ryan Braun,LF,MIL,35,144,508,459,70,131,31,2,22,75,11,1,34,105,0.285,0.343,0.505,0.849,74,205,26.3,19000000.00
Ryan Cordell,RF,CHW,27,97,247,217,22,48,8,0,7,24,3,1,19,69,0.221,0.29,0.355,0.645,76,195,23.7,555000.00
Ryan Court,UT,SEA,31,12,25,24,1,5,1,0,1,5,0,0,1,11,0.208,0.24,0.375,0.615,74,210,27,555000.00
Ryan Flaherty,IF,CLE,32,14,22,21,4,3,2,0,0,1,0,0,0,7,0.143,0.143,0.238,0.381,75,205,25.6,
Ryan Goins,3B,CHW,31,52,163,144,13,36,6,1,2,10,0,1,17,44,0.25,0.333,0.347,0.681,70,180,25.8,
Ryan LaMarre,OF,MIN,30,14,26,23,3,5,0,0,2,3,1,1,3,5,0.217,0.308,0.478,0.786,73,210,27.7,
Ryan Lavarnway,C,CIN,31,5,19,18,4,5,2,0,2,7,0,0,1,5,0.278,0.316,0.722,1.038,76,240,29.2,
Ryan McBroom,UT,KCR,27,23,83,75,8,22,5,0,0,6,0,0,7,25,0.293,0.361,0.36,0.721,75,235,29.4,555000.00
Ryan McMahon,2B,COL,24,141,539,480,70,120,22,1,24,83,5,1,56,160,0.25,0.329,0.45,0.779,74,208,26.7,560000.00
Ryan O'Hearn,1B,KCR,25,105,370,328,32,64,13,1,14,38,0,1,39,99,0.195,0.281,0.369,0.65,75,200,25,557650.00
Ryan Zimmerman,1B,WAS,34,52,190,171,20,44,9,0,6,27,0,0,17,39,0.257,0.321,0.415,0.736,75,215,26.9,18000000.00
Ryon Healy,3B,SEA,27,47,187,169,24,40,16,0,7,26,0,0,13,40,0.237,0.289,0.456,0.744,77,225,26.7,579800.00
Sam Haggerty,UT,NYM,25,11,4,4,2,0,0,0,0,0,0,0,0,3,0,0,0,0,71,175,24.4,555000.00
Sam Hilliard,OF,COL,25,27,87,77,13,21,4,2,7,13,2,0,9,23,0.273,0.356,0.649,1.006,77,238,28.2,555000.00
Sam Travis,UT,BOS,25,59,157,144,17,31,4,1,6,16,2,0,11,36,0.215,0.274,0.382,0.656,72,205,27.8,558500.00
Sandy Leon,C,BOS,30,65,191,172,14,33,3,0,5,19,0,0,13,47,0.192,0.251,0.297,0.548,70,225,32.3,2475000.00
Scooter Gennett,2B,SFG,29,42,139,133,15,30,7,0,2,11,0,0,2,41,0.226,0.245,0.323,0.568,70,185,26.5,
Scott Heineman,UT,TEX,26,25,85,75,8,16,6,0,2,7,1,2,9,20,0.213,0.306,0.373,0.679,73,215,28.4,555000.00
Scott Kingery,CF,PHI,25,126,500,458,64,118,34,4,19,55,15,4,34,147,0.258,0.315,0.474,0.788,70,180,25.8,1500000.00
Scott Schebler,CF,CIN,28,30,95,81,11,10,2,0,2,7,0,1,14,27,0.123,0.253,0.222,0.475,72,228,30.9,625000.00
Sean Murphy,C,OAK,24,20,60,53,14,13,5,0,4,8,0,0,6,16,0.245,0.333,0.566,0.899,75,232,29,555000.00
Sean Rodriguez,UT,PHI,34,76,139,112,24,25,5,0,4,12,1,1,19,41,0.223,0.348,0.375,0.723,72,200,27.1,100000.00
Seby Zavala,C,CHW,25,5,12,12,1,1,0,0,0,0,0,0,0,9,0.083,0.083,0.083,0.167,71,215,30,555000.00
Seth Brown,LF,OAK,26,26,83,75,11,22,8,2,0,13,1,0,7,23,0.293,0.361,0.453,0.815,75,220,27.5,555000.00
Seth Mejias-Brean,IF,SDP,28,14,33,30,3,7,2,0,2,5,0,0,3,9,0.233,0.303,0.5,0.803,74,216,27.7,555000.00
Shed Long,UT,SEA,23,42,168,152,21,40,12,1,5,15,3,3,16,40,0.263,0.333,0.454,0.787,68,84,12.8,555000.00
Sheldon Neuse,IF,OAK,24,25,61,56,3,14,3,0,0,7,0,0,4,19,0.25,0.295,0.304,0.599,72,218,29.6,555000.00
Shin-Soo Choo,DH,TEX,36,151,660,563,93,149,31,2,24,61,15,1,78,165,0.265,0.371,0.455,0.826,71,210,29.3,21000000.00
Shohei Ohtani,DH,LAA,24,106,425,384,51,110,20,5,18,62,12,3,33,110,0.286,0.343,0.505,0.848,76,210,25.6,
Skye Bolt,OF,OAK,25,5,11,10,1,1,1,0,0,0,0,0,1,3,0.1,0.182,0.2,0.382,74,187,24,555000.00
Socrates Brito,OF,TOR,26,17,43,39,5,3,0,1,0,2,0,0,4,17,0.077,0.163,0.128,0.291,74,205,26.3,561000.00
Starlin Castro,2B,MIA,29,162,676,636,68,172,31,4,22,86,2,2,28,111,0.27,0.3,0.436,0.736,74,230,29.5,11857143.00
Starling Marte,CF,PIT,30,132,586,539,97,159,31,6,23,82,25,6,25,94,0.295,0.342,0.503,0.845,73,190,25.1,10333334.00
Stephen Piscotty,RF,OAK,28,93,393,357,46,89,17,1,13,44,2,0,29,84,0.249,0.309,0.412,0.72,76,205,25,7333333.00
Stephen Vogt,C,SFG,34,99,280,255,30,67,24,2,10,40,3,1,20,66,0.263,0.314,0.49,0.804,72,225,30.5,
Steve Pearce,1B,BOS,36,29,99,89,9,16,4,0,1,9,0,0,7,31,0.18,0.245,0.258,0.503,71,200,27.9,6250000.00
Steven Baron,C,PIT,28,7,10,10,0,2,1,0,0,1,0,0,0,6,0.2,0.2,0.3,0.5,72,205,27.8,
Steven Duggar,OF,SFG,25,73,281,261,26,61,12,2,4,28,1,4,16,78,0.234,0.278,0.341,0.619,74,189,24.3,558125.00
Stevie Wilkerson,CF,BAL,27,117,361,329,41,74,18,2,10,35,3,3,22,108,0.225,0.286,0.383,0.669,73,195,25.7,560000.00
Taylor Davis,C,CHC,29,7,20,18,2,3,0,0,1,4,0,0,2,4,0.167,0.25,0.333,0.583,70,200,28.7,
Taylor Ward,UT,LAA,25,20,48,42,4,8,3,0,1,2,0,0,6,23,0.19,0.292,0.333,0.625,73,200,26.4,
Teoscar Hernandez,CF,TOR,26,125,464,417,58,96,19,2,26,65,6,3,45,153,0.23,0.306,0.472,0.778,74,205,26.3,578600.00
Terrance Gore,OF,KCR,28,37,58,51,13,14,2,1,0,1,13,5,6,18,0.275,0.362,0.353,0.715,67,165,25.8,650000.00
Thairo Estrada,MI,NYY,23,35,69,64,12,16,3,0,3,12,4,0,3,15,0.25,0.294,0.438,0.732,70,190,27.3,555000.00
Tim Anderson,SS,CHW,26,123,518,498,81,167,32,0,18,56,17,5,15,109,0.335,0.357,0.508,0.865,73,185,24.4,1400000.00
Tim Beckham,SS,SEA,29,88,328,304,39,72,21,1,15,47,1,3,21,102,0.237,0.293,0.461,0.753,73,205,27,1750000.00
Tim Federowicz,C,TEX,31,29,83,75,6,12,2,0,4,7,1,0,5,31,0.16,0.213,0.347,0.559,71,215,30,
Tim Locastro,LF,ARI,26,91,250,212,38,53,12,2,1,17,17,0,14,44,0.25,0.357,0.34,0.697,73,200,26.4,
Tim Lopes,LF,SEA,25,41,128,111,11,30,7,0,1,12,6,3,15,29,0.27,0.359,0.36,0.72,71,180,25.1,555000.00
Todd Frazier,3B,NYM,33,133,499,447,63,112,19,2,21,67,1,2,40,106,0.251,0.329,0.443,0.772,75,220,27.5,
Tom Murphy,C,SEA,28,75,281,260,32,71,12,1,18,40,2,0,19,87,0.273,0.324,0.535,0.858,73,218,28.8,565000.00
Tomas Nido,C,NYM,25,50,144,136,9,26,5,0,4,14,0,0,7,37,0.191,0.231,0.316,0.547,72,210,28.5,556300.00
Tommy Edman,IF,STL,24,92,349,326,59,99,17,7,11,36,15,1,16,61,0.304,0.35,0.5,0.85,70,180,25.8,555000.00
Tommy La Stella,IF,LAA,30,80,321,292,49,86,8,0,16,44,0,0,20,28,0.295,0.346,0.486,0.832,71,180,25.1,1350000.00
Tommy Pham,LF,TBR,31,145,654,567,77,155,33,2,21,68,25,4,81,123,0.273,0.369,0.45,0.818,73,215,28.4,4100000.00
Tony Kemp,CF,CHC,27,110,279,245,31,52,9,4,8,29,4,4,23,47,0.212,0.291,0.38,0.671,66,165,26.6,583000.00
Tony Wolters,C,COL,27,121,411,359,42,94,17,2,1,42,0,1,36,68,0.262,0.337,0.329,0.666,70,197,28.3,960000.00
Travis d'Arnaud,C,TBR,30,103,391,351,52,88,16,0,16,69,0,1,32,85,0.251,0.312,0.433,0.745,74,210,27,3515000.00
Travis Demeritte,RF,DET,24,48,186,169,24,38,7,2,3,10,3,0,14,63,0.225,0.286,0.343,0.63,72,180,24.4,555000.00
Travis Jankowski,OF,SDP,28,25,24,22,4,4,0,0,0,0,2,2,2,4,0.182,0.25,0.182,0.432,74,185,23.8,
Travis Shaw,3B,MIL,29,86,270,230,22,36,5,0,7,16,0,0,36,89,0.157,0.281,0.27,0.551,76,230,28,
Trea Turner,SS,WAS,26,122,569,521,96,155,37,5,19,57,35,5,43,113,0.298,0.353,0.497,0.85,74,185,23.8,3725000.00
Trent Grisham,OF,MIL,22,51,183,156,24,36,6,2,6,24,1,0,20,48,0.231,0.328,0.41,0.738,72,205,27.8,555000.00
Tres Barrera,C,WAS,24,2,2,2,0,0,0,0,0,0,0,0,0,0,0,0,0,0,72,215,29.2,555000.00
Trevor Story,SS,COL,26,145,656,588,111,173,38,5,35,85,23,8,58,174,0.294,0.363,0.554,0.917,73,214,28.2,5000000.00
Trey Mancini,RF,BAL,27,154,679,602,106,175,38,2,35,97,1,0,63,143,0.291,0.364,0.535,0.899,76,215,26.2,575500.00
Troy Tulowitzki,SS,NYY,34,5,13,11,1,2,1,0,1,1,0,0,2,4,0.182,0.308,0.545,0.853,75,205,25.6,20000000.00
Tucker Barnhart,C,CIN,28,114,364,316,32,73,14,0,11,40,1,0,44,83,0.231,0.328,0.38,0.708,71,192,26.8,2937500.00
Ty France,IF,SDP,24,69,201,184,20,43,8,1,7,24,0,2,9,49,0.234,0.294,0.402,0.696,72,205,27.8,555000.00
Tyler Austin,1B,MIL,27,89,179,154,30,29,5,1,9,24,2,0,24,67,0.188,0.296,0.409,0.705,74,220,28.2,568600.00
Tyler Flowers,C,ATL,33,85,310,271,36,62,11,3,11,34,0,0,31,105,0.229,0.319,0.413,0.733,76,260,31.6,
Tyler Heineman,C,MIA,28,5,12,11,1,3,1,0,1,2,0,0,0,4,0.273,0.273,0.636,0.909,71,205,28.6,555000.00
Tyler Naquin,RF,CLE,28,89,294,274,34,79,19,0,10,34,4,2,14,66,0.288,0.325,0.467,0.792,74,195,25,574800.00
Tyler O'Neill,LF,STL,24,60,151,141,18,37,6,0,5,16,1,0,10,53,0.262,0.311,0.411,0.723,71,210,29.3,
Tyler Saladino,UT,MIL,29,28,71,65,7,8,0,0,2,8,2,0,5,26,0.123,0.197,0.215,0.413,72,200,27.1,887500.00
Tyler Wade,UT,NYY,24,43,108,94,16,23,3,1,2,11,7,0,11,28,0.245,0.33,0.362,0.692,73,185,24.4,572000.00
Tyler White,1B,LAD,28,83,279,240,18,50,14,0,3,23,0,0,36,78,0.208,0.308,0.304,0.612,71,225,31.4,582000.00
Tyrone Taylor,OF,MIL,25,15,12,10,1,4,2,0,0,1,0,0,1,1,0.4,0.5,0.6,1.1,72,185,25.1,555000.00
Tzu-Wei Lin,MI,BOS,25,13,22,20,3,4,2,0,0,1,1,1,2,6,0.2,0.273,0.3,0.573,69,155,22.9,
Victor Caratini,C,CHC,25,95,279,244,31,65,11,0,11,34,1,0,29,59,0.266,0.348,0.447,0.794,73,215,28.4,569500.00
Victor Reyes,OF,DET,24,69,292,276,29,84,16,5,3,25,9,3,14,64,0.304,0.336,0.431,0.767,77,215,25.5,
Victor Robles,CF,WAS,22,155,617,546,86,139,33,3,17,65,28,9,35,140,0.255,0.326,0.419,0.745,72,190,25.8,557800.00
Vladimir Guerrero Jr.,3B,TOR,20,123,514,464,52,126,26,2,15,69,0,1,46,91,0.272,0.339,0.433,0.772,74,250,32.1,555000.00
Welington Castillo,C,CHW,32,72,251,230,19,48,12,0,12,41,0,0,16,74,0.209,0.267,0.417,0.684,70,220,31.6,7250000.00
Whit Merrifield,2B,KCR,30,162,735,681,105,206,41,10,16,74,20,10,45,126,0.302,0.348,0.463,0.811,72,195,26.4,1000000.00
Wil Myers,LF,SDP,28,155,490,435,58,104,22,1,18,53,16,7,51,168,0.239,0.321,0.418,0.739,75,205,25.6,5500000.00
Wilfredo Tovar,SS,LAA,27,31,88,83,5,16,5,0,0,5,0,0,5,15,0.193,0.239,0.253,0.492,67,180,28.2,
Wilkin Castillo,C,MIA,35,2,7,7,0,1,1,0,0,2,0,0,0,3,0.143,0.143,0.286,0.429,72,215,29.2,557000.00
Will Smith,C,LAD,24,54,196,170,30,43,9,0,15,42,2,0,18,52,0.253,0.337,0.571,0.907,70,195,28,555000.00
Willi Castro,SS,DET,22,30,110,100,10,23,6,1,1,8,0,1,6,34,0.23,0.284,0.34,0.624,73,205,27,555000.00
Willians Astudillo,UT,MIN,27,58,204,190,28,51,9,0,4,21,0,0,5,8,0.268,0.299,0.379,0.678,69,225,33.2,560000.00
Willie Calhoun,LF,TEX,24,83,337,309,51,83,14,1,21,48,0,0,23,53,0.269,0.323,0.524,0.848,68,187,28.4,
Willson Contreras,C,CHC,27,105,409,360,57,98,18,2,24,64,1,2,38,102,0.272,0.355,0.533,0.888,73,210,27.7,684000.00
Willy Adames,SS,TBR,23,152,584,531,69,135,25,1,20,52,4,2,46,153,0.254,0.317,0.418,0.735,72,205,27.8,562400.00
Wilmer Difo,SS,WAS,27,43,144,131,15,33,2,0,2,8,0,1,12,29,0.252,0.315,0.313,0.628,71,200,27.9,581000.00
Wilmer Flores,2B,ARI,27,89,285,265,31,84,18,0,9,37,0,0,15,31,0.317,0.361,0.487,0.848,75,205,25.6,3750000.00
Wilson Ramos,C,NYM,31,141,524,473,52,136,19,0,14,73,1,0,44,69,0.288,0.351,0.416,0.768,73,245,32.3,7250000.00
Xander Bogaerts,SS,BOS,26,155,698,614,110,190,52,0,33,117,4,2,76,122,0.309,0.384,0.555,0.939,75,210,26.2,12000000.00
Yadiel Rivera,UT,MIA,27,34,66,60,8,11,2,0,0,3,2,0,6,20,0.183,0.258,0.217,0.474,75,185,23.1,
Yadier Molina,C,STL,36,113,452,419,45,113,24,0,10,57,6,0,23,58,0.27,0.312,0.399,0.711,71,205,28.6,20000000.00
Yairo Munoz,UT,STL,24,88,181,172,20,46,7,1,2,13,8,3,7,37,0.267,0.298,0.355,0.653,73,201,26.5,562000.00
Yan Gomes,C,WAS,31,97,358,314,36,70,16,0,12,43,2,0,38,84,0.223,0.316,0.389,0.704,74,215,27.6,7083334.00
Yandy Diaz,3B,TBR,27,79,347,307,53,82,20,1,14,38,2,2,35,61,0.267,0.34,0.476,0.816,74,215,27.6,558400.00
Yangervis Solarte,UT,SFG,31,28,78,73,9,15,5,0,1,7,0,0,4,16,0.205,0.247,0.315,0.562,71,205,28.6,
Yasiel Puig,RF,CLE,28,149,611,555,76,148,30,2,24,84,19,7,44,133,0.267,0.327,0.458,0.785,74,240,30.8,9700000.00
Yasmani Grandal,C,MIL,30,153,632,513,79,126,26,2,28,77,5,1,109,139,0.246,0.38,0.468,0.848,73,235,31,16000000.00
Yasmany Tomas,DH,ARI,28,4,6,6,0,0,0,0,0,0,0,0,0,3,0,0,0,0,74,250,32.1,
Yoan Moncada,3B,CHW,24,132,559,511,83,161,34,5,25,79,10,3,40,154,0.315,0.367,0.548,0.915,74,205,26.3,575000.00
Yolmer Sanchez,2B,CHW,27,149,555,496,59,125,20,4,2,43,5,4,44,117,0.252,0.318,0.321,0.638,71,185,25.8,4625000.00
Yonathan Daza,CF,COL,25,44,105,97,7,20,1,1,0,3,1,0,7,21,0.206,0.257,0.237,0.494,74,210,27,550000.00
Yonder Alonso,1B,COL,32,121,335,292,34,58,13,0,10,37,0,1,39,70,0.199,0.296,0.346,0.641,73,230,30.3,
Yordan Alvarez,DH,HOU,22,87,369,313,58,98,26,0,27,78,0,0,52,94,0.313,0.412,0.655,1.067,77,225,26.7,555000.00
Yu Chang,3B,CLE,23,28,84,73,8,13,2,1,1,6,0,0,11,22,0.178,0.286,0.274,0.56,73,180,23.7,555000.00
Yuli Gurriel,1B,HOU,35,144,612,564,85,168,40,2,31,104,5,3,37,65,0.298,0.343,0.541,0.884,72,190,25.8,10400000.00
Zach Green,3B,SFG,25,8,16,14,1,2,1,0,0,1,0,0,2,6,0.143,0.25,0.214,0.464,75,210,26.2,555000.00
Zack Collins,DH,CHW,24,27,102,86,10,16,3,1,3,12,0,0,14,39,0.186,0.307,0.349,0.656,75,220,27.5,555000.00
Zack Cozart,3B,LAA,33,38,107,97,4,12,2,0,0,7,0,0,5,16,0.124,0.178,0.144,0.322,72,205,27.8,12666667.00
